-- MySQL dump 10.13  Distrib 8.0.32, for Win64 (x86_64)
--
-- Host: 127.0.0.1    Database: db_study
-- ------------------------------------------------------
-- Server version	8.0.32

/*!40101 SET @OLD_CHARACTER_SET_CLIENT=@@CHARACTER_SET_CLIENT */;
/*!40101 SET @OLD_CHARACTER_SET_RESULTS=@@CHARACTER_SET_RESULTS */;
/*!40101 SET @OLD_COLLATION_CONNECTION=@@COLLATION_CONNECTION */;
/*!50503 SET NAMES utf8 */;
/*!40103 SET @OLD_TIME_ZONE=@@TIME_ZONE */;
/*!40103 SET TIME_ZONE='+00:00' */;
/*!40014 SET @OLD_UNIQUE_CHECKS=@@UNIQUE_CHECKS, UNIQUE_CHECKS=0 */;
/*!40014 SET @OLD_FOREIGN_KEY_CHECKS=@@FOREIGN_KEY_CHECKS, FOREIGN_KEY_CHECKS=0 */;
/*!40101 SET @OLD_SQL_MODE=@@SQL_MODE, SQL_MODE='NO_AUTO_VALUE_ON_ZERO' */;
/*!40111 SET @OLD_SQL_NOTES=@@SQL_NOTES, SQL_NOTES=0 */;

--
-- Current Database: `db_study`
--

CREATE DATABASE /*!32312 IF NOT EXISTS*/ `db_study` /*!40100 DEFAULT CHARACTER SET utf8mb4 COLLATE utf8mb4_0900_ai_ci */ /*!80016 DEFAULT ENCRYPTION='N' */;

USE `db_study`;

--
-- Table structure for table `customer_mst`
--

DROP TABLE IF EXISTS `customer_mst`;
/*!40101 SET @saved_cs_client     = @@character_set_client */;
/*!50503 SET character_set_client = utf8mb4 */;
CREATE TABLE `customer_mst` (
  `customer_id` int NOT NULL,
  `customer_name` varchar(45) NOT NULL,
  `customer_address` varchar(45) NOT NULL,
  PRIMARY KEY (`customer_id`)
) ENGINE=InnoDB DEFAULT CHARSET=utf8mb4 COLLATE=utf8mb4_0900_ai_ci;
/*!40101 SET character_set_client = @saved_cs_client */;

--
-- Dumping data for table `customer_mst`
--

LOCK TABLES `customer_mst` WRITE;
/*!40000 ALTER TABLE `customer_mst` DISABLE KEYS */;
INSERT INTO `customer_mst` VALUES (1,'김민재','부산 동구 범일동'),(2,'손흥민','부산 진구 전포동'),(3,'황희찬','부산 남구 광안동');
/*!40000 ALTER TABLE `customer_mst` ENABLE KEYS */;
UNLOCK TABLES;

--
-- Table structure for table `order`
--

DROP TABLE IF EXISTS `order`;
/*!40101 SET @saved_cs_client     = @@character_set_client */;
/*!50503 SET character_set_client = utf8mb4 */;
CREATE TABLE `order` (
  `순번` int NOT NULL,
  `주문번호` int DEFAULT NULL,
  `상품명` varchar(45) DEFAULT NULL,
  `가격` int DEFAULT NULL,
  `주문자명` varchar(45) DEFAULT NULL,
  `주문자주소` varchar(45) DEFAULT NULL,
  PRIMARY KEY (`순번`)
) ENGINE=InnoDB DEFAULT CHARSET=utf8mb4 COLLATE=utf8mb4_0900_ai_ci;
/*!40101 SET character_set_client = @saved_cs_client */;

--
-- Dumping data for table `order`
--

LOCK TABLES `order` WRITE;
/*!40000 ALTER TABLE `order` DISABLE KEYS */;
INSERT INTO `order` VALUES (1,1,'aaa',1000,'김민재','부산 동구 범일동'),(2,1,'bbb',2000,'김민재','부산 동구 범일동'),(3,2,'aaa',1000,'손흥민','부산 진구 전포동'),(4,3,'aaa',1000,'황희찬','부산 남구 광안동');
/*!40000 ALTER TABLE `order` ENABLE KEYS */;
UNLOCK TABLES;

--
-- Table structure for table `order_dtl`
--

DROP TABLE IF EXISTS `order_dtl`;
/*!40101 SET @saved_cs_client     = @@character_set_client */;
/*!50503 SET character_set_client = utf8mb4 */;
CREATE TABLE `order_dtl` (
  `order_dtl_id` int NOT NULL,
  `order_id` int NOT NULL,
  `product_id` int NOT NULL,
  PRIMARY KEY (`order_dtl_id`)
) ENGINE=InnoDB DEFAULT CHARSET=utf8mb4 COLLATE=utf8mb4_0900_ai_ci;
/*!40101 SET character_set_client = @saved_cs_client */;

--
-- Dumping data for table `order_dtl`
--

LOCK TABLES `order_dtl` WRITE;
/*!40000 ALTER TABLE `order_dtl` DISABLE KEYS */;
INSERT INTO `order_dtl` VALUES (1,1,1),(2,1,2),(3,2,1),(4,3,3);
/*!40000 ALTER TABLE `order_dtl` ENABLE KEYS */;
UNLOCK TABLES;

--
-- Table structure for table `order_mst`
--

DROP TABLE IF EXISTS `order_mst`;
/*!40101 SET @saved_cs_client     = @@character_set_client */;
/*!50503 SET character_set_client = utf8mb4 */;
CREATE TABLE `order_mst` (
  `order_id` int NOT NULL,
  `order_code` int NOT NULL,
  `customer_id` int NOT NULL,
  PRIMARY KEY (`order_id`)
) ENGINE=InnoDB DEFAULT CHARSET=utf8mb4 COLLATE=utf8mb4_0900_ai_ci;
/*!40101 SET character_set_client = @saved_cs_client */;

--
-- Dumping data for table `order_mst`
--

LOCK TABLES `order_mst` WRITE;
/*!40000 ALTER TABLE `order_mst` DISABLE KEYS */;
INSERT INTO `order_mst` VALUES (1,23011901,1),(2,23011902,2),(3,23011903,3),(4,23011904,1);
/*!40000 ALTER TABLE `order_mst` ENABLE KEYS */;
UNLOCK TABLES;

--
-- Table structure for table `product_mst`
--

DROP TABLE IF EXISTS `product_mst`;
/*!40101 SET @saved_cs_client     = @@character_set_client */;
/*!50503 SET character_set_client = utf8mb4 */;
CREATE TABLE `product_mst` (
  `product_id` int NOT NULL,
  `product_name` varchar(45) DEFAULT NULL,
  `product_price` int DEFAULT NULL,
  PRIMARY KEY (`product_id`)
) ENGINE=InnoDB DEFAULT CHARSET=utf8mb4 COLLATE=utf8mb4_0900_ai_ci;
/*!40101 SET character_set_client = @saved_cs_client */;

--
-- Dumping data for table `product_mst`
--

LOCK TABLES `product_mst` WRITE;
/*!40000 ALTER TABLE `product_mst` DISABLE KEYS */;
INSERT INTO `product_mst` VALUES (1,'아이폰13',1000000),(2,'아이폰14',1100000),(3,'아이폰15',1200000);
/*!40000 ALTER TABLE `product_mst` ENABLE KEYS */;
UNLOCK TABLES;

--
-- Dumping events for database 'db_study'
--

--
-- Dumping routines for database 'db_study'
--

--
-- Current Database: `db_study2`
--

CREATE DATABASE /*!32312 IF NOT EXISTS*/ `db_study2` /*!40100 DEFAULT CHARACTER SET utf8mb4 COLLATE utf8mb4_0900_ai_ci */ /*!80016 DEFAULT ENCRYPTION='N' */;

USE `db_study2`;

--
-- Table structure for table `course_dtl`
--

DROP TABLE IF EXISTS `course_dtl`;
/*!40101 SET @saved_cs_client     = @@character_set_client */;
/*!50503 SET character_set_client = utf8mb4 */;
CREATE TABLE `course_dtl` (
  `course_dtl_id` int NOT NULL,
  `coursr_id` int DEFAULT NULL,
  `student_id` int DEFAULT NULL,
  PRIMARY KEY (`course_dtl_id`)
) ENGINE=InnoDB DEFAULT CHARSET=utf8mb4 COLLATE=utf8mb4_0900_ai_ci;
/*!40101 SET character_set_client = @saved_cs_client */;

--
-- Dumping data for table `course_dtl`
--

LOCK TABLES `course_dtl` WRITE;
/*!40000 ALTER TABLE `course_dtl` DISABLE KEYS */;
/*!40000 ALTER TABLE `course_dtl` ENABLE KEYS */;
UNLOCK TABLES;

--
-- Table structure for table `course_mst`
--

DROP TABLE IF EXISTS `course_mst`;
/*!40101 SET @saved_cs_client     = @@character_set_client */;
/*!50503 SET character_set_client = utf8mb4 */;
CREATE TABLE `course_mst` (
  `course_id` int NOT NULL,
  `course_code` int NOT NULL,
  `student_id` int NOT NULL,
  PRIMARY KEY (`course_id`)
) ENGINE=InnoDB DEFAULT CHARSET=utf8mb4 COLLATE=utf8mb4_0900_ai_ci;
/*!40101 SET character_set_client = @saved_cs_client */;

--
-- Dumping data for table `course_mst`
--

LOCK TABLES `course_mst` WRITE;
/*!40000 ALTER TABLE `course_mst` DISABLE KEYS */;
/*!40000 ALTER TABLE `course_mst` ENABLE KEYS */;
UNLOCK TABLES;

--
-- Table structure for table `instructor_mst`
--

DROP TABLE IF EXISTS `instructor_mst`;
/*!40101 SET @saved_cs_client     = @@character_set_client */;
/*!50503 SET character_set_client = utf8mb4 */;
CREATE TABLE `instructor_mst` (
  `instructor_id` int NOT NULL,
  `instructor_name` varchar(45) NOT NULL,
  `instructor_university` varchar(45) DEFAULT NULL,
  PRIMARY KEY (`instructor_id`)
) ENGINE=InnoDB DEFAULT CHARSET=utf8mb4 COLLATE=utf8mb4_0900_ai_ci;
/*!40101 SET character_set_client = @saved_cs_client */;

--
-- Dumping data for table `instructor_mst`
--

LOCK TABLES `instructor_mst` WRITE;
/*!40000 ALTER TABLE `instructor_mst` DISABLE KEYS */;
INSERT INTO `instructor_mst` VALUES (1,'김준일','서울대'),(2,'김준이','부산대'),(3,'김준삼','경상대');
/*!40000 ALTER TABLE `instructor_mst` ENABLE KEYS */;
UNLOCK TABLES;

--
-- Table structure for table `lecture_mst`
--

DROP TABLE IF EXISTS `lecture_mst`;
/*!40101 SET @saved_cs_client     = @@character_set_client */;
/*!50503 SET character_set_client = utf8mb4 */;
CREATE TABLE `lecture_mst` (
  `lecture_id` int NOT NULL,
  `lecture_name` varchar(45) NOT NULL,
  `lecture_price` int NOT NULL,
  PRIMARY KEY (`lecture_id`)
) ENGINE=InnoDB DEFAULT CHARSET=utf8mb4 COLLATE=utf8mb4_0900_ai_ci;
/*!40101 SET character_set_client = @saved_cs_client */;

--
-- Dumping data for table `lecture_mst`
--

LOCK TABLES `lecture_mst` WRITE;
/*!40000 ALTER TABLE `lecture_mst` DISABLE KEYS */;
INSERT INTO `lecture_mst` VALUES (1,'java',100000),(2,'python',80000),(3,'c',90000);
/*!40000 ALTER TABLE `lecture_mst` ENABLE KEYS */;
UNLOCK TABLES;

--
-- Table structure for table `student_mst`
--

DROP TABLE IF EXISTS `student_mst`;
/*!40101 SET @saved_cs_client     = @@character_set_client */;
/*!50503 SET character_set_client = utf8mb4 */;
CREATE TABLE `student_mst` (
  `student_id` int NOT NULL,
  `student_name` varchar(45) NOT NULL,
  PRIMARY KEY (`student_id`)
) ENGINE=InnoDB DEFAULT CHARSET=utf8mb4 COLLATE=utf8mb4_0900_ai_ci;
/*!40101 SET character_set_client = @saved_cs_client */;

--
-- Dumping data for table `student_mst`
--

LOCK TABLES `student_mst` WRITE;
/*!40000 ALTER TABLE `student_mst` DISABLE KEYS */;
INSERT INTO `student_mst` VALUES (1,'김동민'),(2,'김두영'),(3,'장진원');
/*!40000 ALTER TABLE `student_mst` ENABLE KEYS */;
UNLOCK TABLES;

--
-- Dumping events for database 'db_study2'
--

--
-- Dumping routines for database 'db_study2'
--

--
-- Current Database: `chatting`
--

CREATE DATABASE /*!32312 IF NOT EXISTS*/ `chatting` /*!40100 DEFAULT CHARACTER SET utf8mb4 COLLATE utf8mb4_0900_ai_ci */ /*!80016 DEFAULT ENCRYPTION='N' */;

USE `chatting`;

--
-- Table structure for table `role_dtl`
--

DROP TABLE IF EXISTS `role_dtl`;
/*!40101 SET @saved_cs_client     = @@character_set_client */;
/*!50503 SET character_set_client = utf8mb4 */;
CREATE TABLE `role_dtl` (
  `role_dtl_id` int NOT NULL AUTO_INCREMENT,
  `role_id` int NOT NULL,
  `user_id` int NOT NULL,
  PRIMARY KEY (`role_dtl_id`)
) ENGINE=InnoDB AUTO_INCREMENT=15 DEFAULT CHARSET=utf8mb4 COLLATE=utf8mb4_0900_ai_ci;
/*!40101 SET character_set_client = @saved_cs_client */;

--
-- Dumping data for table `role_dtl`
--

LOCK TABLES `role_dtl` WRITE;
/*!40000 ALTER TABLE `role_dtl` DISABLE KEYS */;
INSERT INTO `role_dtl` VALUES (1,1,1),(2,2,1),(3,3,1),(4,2,14),(5,3,14),(6,1,15),(7,2,15),(8,3,15),(9,1,16),(10,2,16),(11,3,16),(12,3,22),(13,3,23),(14,3,24);
/*!40000 ALTER TABLE `role_dtl` ENABLE KEYS */;
UNLOCK TABLES;

--
-- Table structure for table `role_mst`
--

DROP TABLE IF EXISTS `role_mst`;
/*!40101 SET @saved_cs_client     = @@character_set_client */;
/*!50503 SET character_set_client = utf8mb4 */;
CREATE TABLE `role_mst` (
  `role_id` int NOT NULL AUTO_INCREMENT,
  `role_name` varchar(45) NOT NULL,
  PRIMARY KEY (`role_id`)
) ENGINE=InnoDB AUTO_INCREMENT=5 DEFAULT CHARSET=utf8mb4 COLLATE=utf8mb4_0900_ai_ci;
/*!40101 SET character_set_client = @saved_cs_client */;

--
-- Dumping data for table `role_mst`
--

LOCK TABLES `role_mst` WRITE;
/*!40000 ALTER TABLE `role_mst` DISABLE KEYS */;
INSERT INTO `role_mst` VALUES (1,'ROLE_ADMIN'),(2,'ROLE_MANAGER'),(3,'ROLE_USER'),(4,'ROLE_TESTER');
/*!40000 ALTER TABLE `role_mst` ENABLE KEYS */;
UNLOCK TABLES;

--
-- Table structure for table `user_mst`
--

DROP TABLE IF EXISTS `user_mst`;
/*!40101 SET @saved_cs_client     = @@character_set_client */;
/*!50503 SET character_set_client = utf8mb4 */;
CREATE TABLE `user_mst` (
  `user_id` int NOT NULL AUTO_INCREMENT,
  `username` varchar(45) NOT NULL,
  `password` varchar(100) NOT NULL,
  `name` varchar(45) NOT NULL,
  `email` varchar(45) NOT NULL,
  PRIMARY KEY (`user_id`),
  UNIQUE KEY `user_name_UNIQUE` (`username`),
  UNIQUE KEY `email_UNIQUE` (`email`)
) ENGINE=InnoDB AUTO_INCREMENT=25 DEFAULT CHARSET=utf8mb4 COLLATE=utf8mb4_0900_ai_ci;
/*!40101 SET character_set_client = @saved_cs_client */;

--
-- Dumping data for table `user_mst`
--

LOCK TABLES `user_mst` WRITE;
/*!40000 ALTER TABLE `user_mst` DISABLE KEYS */;
INSERT INTO `user_mst` VALUES (1,'aaa','1234','김준일','aaa@gmail.com'),(5,'aaab','1234','김준일','aaab@gmail.com'),(6,'bbb','1234','bbb','bbb@gmail.com'),(14,'ccc','1234','ccc','ccc@gmail.com'),(15,'ddd','1234','ddd','ddd@gmail.com'),(16,'eee','1234','eee','eee@gmail.com'),(19,'fff','$2a$10$Zh49Hc65KGLg0QUffn10Ze53Lai0bN7HKgoJTsKFGZvehu9FSRS/e','fff','fff@gmail.com'),(20,'ggg','$2a$10$yvPjnOM/GngaAUyaVEE2fuRBGZxKCTAgNX4T5wz3Hy7vLr5g0.hfy','ggg','ggg@gmail.com'),(21,'hhh','$2a$10$AEVaBwewcPW964/Jv6ckN.2/t91zmAMxgONnt0.I/B5Jhb5Kj42GS','hhh','hhh@gmail.com'),(22,'iii','$2a$10$yUJbhNwiPcShgz5Ewy2Xb.wmLUUJVY4sO92EaczaZ5YNgslI5z27a','iii','iii@gmail.com'),(23,'jjj','$2a$10$cjzqBPQ1k5ULBFbyNPud/uUdgFfAPcupEruB79KizvepOPCOua5WW','jjj','jjj@gmail.com'),(24,'aaaaa','$2a$10$FMWAo4eddstoNj2k4S8d/ejY5bh8qT82nWMjACAGofS5saNfBmHUS','aaaaa','aaaaa@gmail.com');
/*!40000 ALTER TABLE `user_mst` ENABLE KEYS */;
UNLOCK TABLES;

--
-- Dumping events for database 'chatting'
--

--
-- Dumping routines for database 'chatting'
--

--
-- Current Database: `db_study3`
--

CREATE DATABASE /*!32312 IF NOT EXISTS*/ `db_study3` /*!40100 DEFAULT CHARACTER SET utf8mb4 COLLATE utf8mb4_0900_ai_ci */ /*!80016 DEFAULT ENCRYPTION='N' */;

USE `db_study3`;

--
-- Table structure for table `author_mst`
--

DROP TABLE IF EXISTS `author_mst`;
/*!40101 SET @saved_cs_client     = @@character_set_client */;
/*!50503 SET character_set_client = utf8mb4 */;
CREATE TABLE `author_mst` (
  `author_id` int NOT NULL AUTO_INCREMENT,
  `author_name` varchar(100) DEFAULT NULL,
  PRIMARY KEY (`author_id`)
) ENGINE=InnoDB AUTO_INCREMENT=512 DEFAULT CHARSET=utf8mb4 COLLATE=utf8mb4_0900_ai_ci;
/*!40101 SET character_set_client = @saved_cs_client */;

--
-- Dumping data for table `author_mst`
--

LOCK TABLES `author_mst` WRITE;
/*!40000 ALTER TABLE `author_mst` DISABLE KEYS */;
INSERT INTO `author_mst` VALUES (1,' 사건'),(2,' 천천히'),(3,'[대구광역시 달성군 편]'),(4,'[대구광역시] 수성구 [편]'),(5,'[박문각] 시사상식편집부 편저'),(6,'[웅진리빙하우스 편]'),(7,'[통계청 편]'),(8,'[한국노동연구원 편]'),(9,'[한국물가정보 편]'),(10,'2002년월드컵축구대회조직위원회 편'),(11,'2003대구하계유니버시아드대회조직위원회 [편]'),(12,'KOTRA 지음'),(13,'가와기타 요시노리 지음 ; 김윤경 옮김'),(14,'감사원 [편]'),(15,'감사원 감사연구원 [편]'),(16,'강종범 지음'),(17,'강지희 ...[등]지음'),(18,'강철호 지음'),(19,'강태식 외 지음'),(20,'강화길 [외]지음'),(21,'건설교통부'),(22,'건설교통부 ; 한국토지공사'),(23,'건설교통부 편'),(24,'경제기획원 조사통계국'),(25,'고두현'),(26,'고정민 지음 ; 이명진 그림'),(27,'과학기술부 [편]'),(28,'과학기술처'),(29,'과학기술처 한국원자력안전기술원'),(30,'곽승룡 지음'),(31,'국가균형발전위원회 ; 지식경제부 [편]'),(32,'국가청렴위원회'),(33,'국가청렴위원회 [편]'),(34,'국립대구박물관 [편]'),(35,'국무조정실 규제개혁기획단'),(36,'국무조정실편'),(37,'국무총리 수질개선기획단 [편]'),(38,'국무총리행정심판위원회, 법제처 편'),(39,'국민건강보험 [편]'),(40,'국민권익위원회 [편]'),(41,'국세청 [편]'),(42,'국토해양부 [편]'),(43,'권세원  ; 김성이,김유미,김형숙,류재인,박진욱,서상희,오로라,전경자,전수경 지음'),(44,'규제개혁위원회 [편]'),(45,'그림형제 지음 ; 오연진 [같이]그림 ; 양나리 ; 박홍근 엮음'),(46,'글:이성 ; 그림: 김정미'),(47,'기획재정부 지음'),(48,'길벗 R & D'),(49,'길벗 R & D ; 강윤석 ; 김용갑 ; 김우경 ; 김선애 ; 김유홍 지음'),(50,'길벗 R&D 외 지음'),(51,'길벗 R＆D 지음'),(52,'길벗 R&D...[공]지음'),(53,'길벗R&D 지음'),(54,'길벗알앤디 지음'),(55,'김경아 외 지음'),(56,'김경욱 외 지음'),(57,'김금희 ; 기준영 ; 정용준 ; 장강명 ; 김솔 ; 최정화 ; 오한기 [공]지음'),(58,'김륭 지음'),(59,'김면수 외 등저'),(60,'김범진 지음 ; 임승현 그림'),(61,'김성호 외 지음'),(62,'김솔 외 지음'),(63,'김수연 지음'),(64,'김수연 지음 ; 문수민 일러스트'),(65,'김순혜 지음'),(66,'김영재, 김일연, 정용국 [공]엮음'),(67,'김용남 글'),(68,'김원철 지음'),(69,'김유빈 저'),(70,'김은실'),(71,'김이삭  ; 맹문재 엮음  ; 강경숙... [등] 함께한 시인들'),(72,'김정남 외 지음'),(73,'김정남...[등]지음'),(74,'김종상 엮음 ; 심수근 그림'),(75,'김종영 지음'),(76,'김지용 [외] 지음'),(77,'김진일; 김대응 공저'),(78,'김찬웅'),(79,'김천시 [편]'),(80,'김태광 지음'),(81,'김혜순...[외저]'),(82,'꿈꾸는 뉴런 글 ; 크레파스 그림'),(83,'나도향 외 등저 ; 백명식 그림'),(84,'남기하 저'),(85,'내무부'),(86,'내무부 [편]'),(87,'내무부 편'),(88,'내무부지방행정연수원 [편]'),(89,'내일여행 출판부 지음'),(90,'농림부'),(91,'농림수산부 ; 대한민국'),(92,'농림수산부 [편]'),(93,'농림수산부 편'),(94,'다니엘 게리에 지음; 류재화 옮김'),(95,'담덕공자'),(96,'대구광역시'),(97,'대구광역시 [엮음]'),(98,'대구광역시 [편]'),(99,'대구광역시 건축주택과 [편]'),(100,'대구광역시 규제개혁법무담당관'),(101,'대구광역시 규제개혁법무담당관 [편]'),(102,'대구광역시 남구'),(103,'대구광역시 남구 [엮음]'),(104,'대구광역시 남구 [편]'),(105,'대구광역시 달성군 [편]'),(106,'대구광역시 동구'),(107,'대구광역시 동구 [편]'),(108,'대구광역시 동구 편'),(109,'대구광역시 북구 [편]'),(110,'대구광역시 북구청 [편]'),(111,'대구광역시 서구 [편]'),(112,'대구광역시 세정담당관 [편]'),(113,'대구광역시 수성구'),(114,'대구광역시 재해대책본부 [편]'),(115,'대구광역시 중구'),(116,'대구광역시 중구 [엮음]'),(117,'대구광역시 편'),(118,'대구광역시기획관 편'),(119,'대구광역시남구 편'),(120,'대구광역시달성구 [편]'),(121,'대구광역시달성군 편'),(122,'대구광역시동구청정보통신과 편'),(123,'대구광역시립도서관 편'),(124,'대구광역시립중앙도서관 편'),(125,'대구광역시보건환경연구원 [편]'),(126,'대구광역시북구정보산업과 편'),(127,'대구광역시서구청공보전산과 편'),(128,'대구광역시장 편'),(129,'대구광역시정책기획관 편'),(130,'대구직할시'),(131,'대구직할시 [편]'),(132,'데보라 노빌 지음 ; 김용남 옮김'),(133,'데이비드 세인 외 공저 ; 최금 옮김'),(134,'데이비드 위스너 글·그림 ; 이지유 옮김'),(135,'도나 데일 카네기 지음 ; 최염순 옮김'),(136,'동북아정보문화센터'),(137,'동북지방통계청 편집'),(138,'라사라 패션월드 편집부 편'),(139,'로버트 J. 샤피로 지음 ; 김하락 옮김'),(140,'로버트 기요사키 ; 샤론 레흐트 지음 ; 박아람 옮김'),(141,'로버트 기요사키 지음'),(142,'류랑도 저'),(143,'류쉬에 지음 ; 허진아 옮김'),(144,'리즈 콕스 글 ; 타냐 스테바노빅 그림 ; 양윤선 옮김'),(145,'마술연필 엮음 ; 이효실 ; 김미은 ; 김지현 그림'),(146,'마이크 골드스미스 지음 ; 앤드류 핀더 그림 ; 안재권 ; 이동수 [공]옮김'),(147,'마이클 샌델 원저  ; 신현주 글  ; 조혜진 그림  ; 김선욱 감수'),(148,'마이클 샌델 원저 ; 신현주 글 ; 조혜진 그림'),(149,'마틸다 마스터르스 글 ; 라우이저 페르디위스 그림 ; 최진영 옮김'),(150,'매슈 사이드 지음  ; 장혜진 옮김'),(151,'문택주 지음'),(152,'문화재청 유형문화재과 [편]'),(153,'문화체육부 [편]'),(154,'미셀 르뒤크  나탈리 토르지만'),(155,'미셀 르뒤크 ; 나탈리 토르지만 [공]글 ; 이브 칼라르누 그림 ; 조용희 옮김'),(156,'미셀 르뒤크 외 글/이브 칼라르'),(157,'민송이; 민들레 [공] 지음'),(158,'민원정보과 [편]'),(159,'박두순 엮음 ; 김경희 ; 이윤하 [공]그림'),(160,'박두순 엮음 ; 김경희 외 그림'),(161,'박래균 글·그림'),(162,'박명희 외 글 ; 이정규 외 그림'),(163,'박민정 ; 임성순, 임현, 정영수, 김세희, 최정나, 박상영 지음'),(164,'박상영  ; 김희선, 백수린, 이주란, 정영수, 김봉곤, 이미상 지음'),(165,'박상재 엮음 ; 강진호 만화'),(166,'박성일 그림'),(167,'박시교; 김일연 엮음'),(168,'박은교 글 ; 유명희 그림'),(169,'박정대 외 등저'),(170,'박정대...[등]지음'),(171,'박종서  ; 신지나,민준홍 지음'),(172,'박주택 [외]지음'),(173,'박주택 외 등저'),(174,'박주택...[등]지음'),(175,'박진경'),(176,'배다니엘 [외]저'),(177,'벵트 에릭 엥홀름 지음  ; 요나 비에른셰르나 그림  ; 김아영 옮김'),(178,'보건복지부'),(179,'보건복지부 [편]'),(180,'부산광역시 해운대구 [엮음]'),(181,'브랜든 제뉴어리 지음 ; 김재홍 옮김'),(182,'사카키바라 세츠코 지음 ; 이수경 옮김'),(183,'삼성출판사 편집부 편'),(184,'서기수 [외]지음'),(185,'서울대생12명·교원 교육연구소 지음'),(186,'서울신문특별취재팀'),(187,'서울특별시영등포구청전산정보과'),(188,'서울휘,  망고쌤,  월용이,  새벽부자,  시루,  별부자 [공]지음'),(189,'서윤호 ; 오혜진 ; 최정호 지음 ; 최진영 그림'),(190,'서정오 글 ; 조수진 그림'),(191,'성공경제연구소 ; SBS CNBC [공]지음'),(192,'성희수 지음'),(193,'세경사 편집부 편'),(194,'세사람 글; 이명애 그림'),(195,'세토구치 리츠코 지음 ; 다지마 아키코 ; 박영환 옮김'),(196,'소혜왕후 [지음]'),(197,'손낙구 글; 김용민 그림'),(198,'손정호 외 유스쿨 100인 지음'),(199,'송숙희 지음'),(200,'송일봉 지음'),(201,'시사문화사 편집부 편'),(202,'시사연구회 지음'),(203,'시사정보연구원 편'),(204,'식품의약품안전처'),(205,'식품의약품안전처 지음'),(206,'식품의약품안전청 [편]'),(207,'신정아 지음'),(208,'심지은 지음 ; 한정수 사진'),(209,'아서 C. 클라크 지음 ; 김승욱 옮김'),(210,'아서 C. 클라크 지음 ; 이지연 옮김'),(211,'악셀 호네트 외 지음 ; 연구모임 사회 비판과 대안 편저 ; 김원식 외 옮김'),(212,'안데르센 지음 ; 양민숙 그림 ; 김경숙 ; 엄기원 엮음'),(213,'안미현 지음'),(214,'안상준 지음'),(215,'안석훈, 최경수, 최아원 [공]지음'),(216,'안혜원 씀'),(217,'알렉산더 데만트 지음 ; 전은경 옮김'),(218,'알렉산더 데만트 지음/전은경 옮'),(219,'양영훈 글.사진'),(220,'양주호 지음'),(221,'엄기원 엮음 ; 이규경 외 그림'),(222,'엄기원 엮음 ; 허유리 [등]그림'),(223,'여성가족부 지음'),(224,'연합뉴스 [편]'),(225,'염한결 외 지음'),(226,'영천시 편'),(227,'오피스튜터 지음'),(228,'왕팡 지음 ; 곽선미 옮김 ; 강성률 감수'),(229,'요코야마 히데오 지음 ; 최고은 옮김'),(230,'우리기획 글 ; 송수정 그림'),(231,'우리몸연구소 글 ; 유정연 그림'),(232,'우지인  ; 김성민 [공]지음'),(233,'우지인 ; 김성민 [공]지음'),(234,'유경원 글 ; 이정태 그림'),(235,'유연태 [외]지음'),(236,'유호철 지음'),(237,'유홍준 원작  ;  김경후 글  ;  이윤희 그림.'),(238,'유홍준 원작  ; 김경후 글  ; 이윤희 그림.'),(239,'유홍준 지음'),(240,'윤돌 지음'),(241,'이광수 외 18명 지음 ;  행정자치부 엮음'),(242,'이기쁨지상훈 [공]저'),(243,'이기창 [외]지음'),(244,'이득재 지음'),(245,'이밥차 요리연구소 요리'),(246,'이밥차 지음'),(247,'이밥차요리연구소 지음'),(248,'이보연 지음'),(249,'이상교 지음 ; 박요한 그림'),(250,'이상배편저'),(251,'이서규 편저'),(252,'이서희 지음'),(253,'이선희 글·그림'),(254,'이성 글 ; 김정미 그림'),(255,'이솝 지음 ; 신정미 그림 ; 성현정 ; 이영호 엮음'),(256,'이수정 글 ; 홍윤표 그림'),(257,'이시이 카즈히토'),(258,'이영미'),(259,'이윤 글 ; 민들레 그림'),(260,'이장주 지음'),(261,'이재익 ; 유은이 지음'),(262,'이정명 원작 ; 이규희 글 ; 김동성 그림'),(263,'이종영 지음'),(264,'이지성 글 ; 허구 그림'),(265,'이지영 지음'),(266,'이지운 엮음'),(267,'이청무 엮음'),(268,'이혜원 ; 맹문재 ; 김석환 ; 이은봉 [공] 엮음'),(269,'인천광역시 계양구 [엮음]'),(270,'인천광역시 남동구 [엮음]'),(271,'임정자 글; 오정택 그림'),(272,'임현...[등]지음'),(273,'장광혁 엮음'),(274,'장세현'),(275,'장수하늘소'),(276,'장수하늘소 글/오승원 그림'),(277,'재정경제부 교육홍보팀 [편]'),(278,'저우하이옌 지음 ; 조윤진 옮김'),(279,'전국시장.군수.구청장협의회'),(280,'전국시장·군수·구청장협의회 사무국'),(281,'전승원, 이혜현 [공]기획·편집'),(282,'전영진 지음'),(283,'정부간행물제작소 [편]'),(284,'정부혁신지방분권위원회 [편]'),(285,'정인호 지음'),(286,'정지돈 외 지음'),(287,'조달청'),(288,'조영빈 ; 김수빈 저'),(289,'조주현 지음'),(290,'조준현 지음'),(291,'조지 오웰'),(292,'조지 오웰 [지음] ; 정회성 옮김'),(293,'조지 오웰 지음 ; 이경호 옮김'),(294,'조지 오웰 지음/정회성 옮김'),(295,'주재선 [외]연구'),(296,'중경고등학교 역사탐구반 지음'),(297,'중앙공무원교육원 [편]'),(298,'지방행정연수원'),(299,'지은이 : KOTRA'),(300,'진주시 [엮음]'),(301,'질병관리본부[편]'),(302,'차남호 글 ; 홍윤표 그림'),(303,'차오름 글 ; 이윤선 그림'),(304,'창녕군 편'),(305,'채현석'),(306,'최규문; 종유진'),(307,'최열, 김익중, 이원영, 한홍구, 우석균, 강양구 글 ; 소복이 그림'),(308,'최용섭 지음'),(309,'최재훈 글 ; 이정태 그림'),(310,'최종규 글 ; 강우근 그림'),(311,'츠즈키 타쿠지 지음 ; 김정환 옮김'),(312,'카네기, 도나 데일'),(313,'타니 타마에 지음 ; 신금순 옮김'),(314,'통계청'),(315,'통계청 [편]'),(316,'통계청 지음'),(317,'통계청 편'),(318,'통계청 편저'),(319,'통일부'),(320,'통일부 편'),(321,'통일원 편'),(322,'팀 클라크 ; 알렉산더 오스터발더 ; 예스 피그누어 [공] 지음 ; 유태준 ; 조은기 ; 박미선 [공] 옮김'),(323,'편혜영, 김금희, 김사과, 김혜진 [공]지음'),(324,'표유진 지음'),(325,'하태완 지음'),(326,'하토리 에이겐 지음 ; 최현숙 옮김'),(327,'한강 외 등저'),(328,'한국방송작가협회 편'),(329,'한국방송작가협회교육원 편'),(330,'한국소비자연맹대구직할시지부 편'),(331,'한국실명예방재단 [편]'),(332,'한국아동문학연구소 엮음 ; 조명화 그림 ; 강미선'),(333,'한국언론홍보진흥원 엮음'),(334,'한국전산원 [편]'),(335,'한국추리작가협회 엮음'),(336,'한국편집기자협의회'),(337,'한국편집기자협회 편'),(338,'한국편집기자협회 편저'),(339,'한국행정연구원 [편]'),(340,'한국현대소설학회 엮음'),(341,'한선정 글 ; 이동철 만화 ; AZA 스튜디오 사진'),(342,'한정수 지음'),(343,'함규진 글 ; 돌 스튜디오 그림'),(344,'해바라기 기획 글 ; 김은경 그림'),(345,'해바라기 기획 글 ; 김진경 그림'),(346,'행정자치부'),(347,'행정자치부 [편]'),(348,'행정자치부 지방행정연수원 교육1과 [편]'),(349,'행정자치부 편'),(350,'행정자치부 편집부 [편]'),(351,'행정자치부편집부 편'),(352,'행정중심복합도시건설추진위원회 행정중심복합도시건설추진단 [편]'),(353,'허준석 [외]지음'),(354,'홍기 엮음 ; 주형근 그림'),(355,'홍길주 지음'),(356,'환경부'),(357,'환경부 [편]'),(358,'황규영 지음'),(359,'황금찬...[등]지음'),(360,'황정은 ; 조해진, 윤이형, 최은미, 기준영, 손보미, 최은영 [공]지음'),(361,'황정은 [외] 지음'),(362,'內務部 [편]'),(363,'內務部 自治企劃課 [편]'),(364,'內務部地方行政硏修院 [편]'),(365,'大邱廣域市'),(366,'大邱廣域市 [편]'),(367,'大邱廣域市 中區'),(368,'大邱廣域市 北區'),(369,'大邱廣域市 南區'),(370,'大邱廣域市 東區'),(371,'大邱廣域市 編'),(372,'大邱廣域市 西區'),(373,'大邱廣域市 達城郡'),(374,'大邱廣域市 達西區'),(375,'大邱廣域市 達西區 [편]'),(376,'大邱廣域市 達西區[編]'),(377,'大邱廣域市災害對策本部 [편]'),(378,'大邱直轄市'),(379,'大邱直轄市 [편]'),(380,'大邱直轄市 [編]'),(381,'大邱直轄市 北區 [편]'),(382,'大邱直轄市 南區 [편]'),(383,'大邱直轄市 壽城區 [編]'),(384,'大邱直轄市 編'),(385,'大邱直轄市 西區 [편]'),(386,'大邱直轄市 達西區 [편]'),(387,'大邱直轄市 達西區 편저'),(388,'大邱直轄市 達西區[編]'),(389,'大邱直轄市上水道事業本部 [편]'),(390,'統計廳 [편]'),(391,'統計廳 편'),(392,'統計廳 編'),(393,'韓國地方行政硏究院 [편]');
/*!40000 ALTER TABLE `author_mst` ENABLE KEYS */;
UNLOCK TABLES;

--
-- Table structure for table `library_mst`
--

DROP TABLE IF EXISTS `library_mst`;
/*!40101 SET @saved_cs_client     = @@character_set_client */;
/*!50503 SET character_set_client = utf8mb4 */;
CREATE TABLE `library_mst` (
  `순번` int NOT NULL AUTO_INCREMENT,
  `도서관명` varchar(200) DEFAULT NULL,
  `구분` varchar(45) DEFAULT NULL,
  `도서명` varchar(200) DEFAULT NULL,
  `저작자` int DEFAULT NULL,
  `출판사` int DEFAULT NULL,
  `발행연도` varchar(45) DEFAULT NULL,
  `청구기호` varchar(200) DEFAULT NULL,
  PRIMARY KEY (`순번`)
) ENGINE=InnoDB AUTO_INCREMENT=1001 DEFAULT CHARSET=utf8mb4 COLLATE=utf8mb4_0900_ai_ci;
/*!40101 SET character_set_client = @saved_cs_client */;

--
-- Dumping data for table `library_mst`
--

LOCK TABLES `library_mst` WRITE;
/*!40000 ALTER TABLE `library_mst` DISABLE KEYS */;
INSERT INTO `library_mst` VALUES (1,'이곡2동작은도서관','300(사회)','가까운 날들의 사회학 : 가장 익숙한 곳에서 발견하는 새로운 생각들',285,166,'2',''),(2,'용산1동작은도서관','400(순수)','우리 역사 속 수학 이야기 : 흥미로운 조상들의 수학을 찾아서',260,129,'203',''),(3,'이곡2동작은도서관','300(사회)','오늘이 : 서정오 선생님이 들려주는 우리 신화',190,123,'207',''),(4,'이곡2동작은도서관','400(순수)','누가 벌레를 사랑할까',82,244,'209',''),(5,'이곡2동작은도서관','800(문학)','64',229,22,'2013',''),(6,'학산작은도서관','800(문학)','1984',292,119,'2005','808-세14ㅁ-77'),(7,'장기동작은도서관','800(문학)','1984',291,119,'2008',''),(8,'용산1동작은도서관','800(문학)','1984',294,119,'2008',''),(9,'행정정보문고센터','800(문학)','1984',293,233,'2010','808.3-행45ㄱ-26'),(10,'행정정보문고센터','800(문학)','4001',207,130,'2011','818-신73ㅅ'),(11,'행정정보문고센터','800(문학)','4001',207,130,'2011','818-신73ㅅ=2'),(12,'이곡2동작은도서관','800(문학)','1999년 06월 29일',134,116,'2005',''),(13,'이곡2동작은도서관','900(역사)','2001년 09월 11일',181,97,'2004',''),(14,'용산1동작은도서관','300(사회)','\"살아가겠다 : 고병권이 만난 삶',1,2,'고병권 지음','삶창'),(15,'이곡2동작은도서관','300(사회)','\"천천히',2,3,'에릭 칼 글·그림 ; 제인 구달 머릿말, 사과나무 옮김','한국몬테소리'),(16,'이곡2동작은도서관','800(문학)','#너에게 : 너에게 보내는 편지, 완글 : 스페셜 에디션',325,58,'2017',''),(17,'용산1동작은도서관','700(언어)','( 발 없는 말이 천리 간다 가)중국어로 뭐게',176,61,'2008',''),(18,'장기동작은도서관','700(언어)','( 이름씨 가아름다운)순우리말동화',250,156,'2008',''),(19,'행정정보문고센터','400(순수)','( 천재들이 만든 )수학퍼즐. 19:, 에라토스테네스가 만든 소인수분해',75,177,'2008','410.8-천73ㅅ-19'),(20,'장기동작은도서관','300(사회)','(\"대치동공부법\"\"김은실의)전교1등핵심노트법\"',70,137,'2008',''),(21,'장기동작은도서관','100(철학)','((한눈에 익히는 가문의 영광을 위한 지침서)내훈',196,54,'2009',''),(22,'행정정보문고센터','300(사회)','(`89) 業務細部實踐計劃',379,258,'1989','359.1184-대16ㅇ-1989-업'),(23,'행정정보문고센터','500(기술)','(`89) 自然保護運動推進計劃',386,263,'1989','539.98-대16ㅈ-1989'),(24,'행정정보문고센터','300(사회)','(`89) 主要施策推進指針',130,86,'1989','359.1184-대16ㅈ-1989-추'),(25,'행정정보문고센터','300(사회)','(`90) 業務細部實踐計劃',379,258,'1990','359.1184-대16ㅇ-1990-업'),(26,'행정정보문고센터','300(사회)','(`90) 主要施策推進指針',130,86,'1990','359.1184-대16ㅈ-1990-추'),(27,'행정정보문고센터','300(사회)','(`91) 主要施策推進指針',130,86,'1991','359.1184-대16ㅈ-1991-추'),(28,'행정정보문고센터','300(사회)','(`92) 主要業務細部實踐計劃',380,258,'1992','359.1184-대16ㅈ-1992-세'),(29,'행정정보문고센터','300(사회)','(`92) 會計實務敎育敎材',131,86,'1992','325.907-대16ㅎ'),(30,'행정정보문고센터','300(사회)','(`93) 청소년수련활동 사례집. 3',153,113,'1993','373.6-문95ㅊ-1993'),(31,'행정정보문고센터','300(사회)','(`99) 국정개혁보고',283,182,'1999','350.1-정46ㄱ-1999'),(32,'행정정보문고센터','300(사회)','(『분권형 선진국가 건설』을 위한) 지방분권 5개년 종합실행계획 : 2004~2008',284,183,'2004','359.01-정46ㅈ'),(33,'학산작은도서관','500(기술)','(<마성의 카운슬러> 이재익PD의) 직설 연애 상담 : 썸에서 결혼까지, 요즘 연애의 모든 것',261,127,'2015','591.7-이73ㅈ'),(34,'용산1동작은도서관','500(기술)','(0~3세 육아) 무엇이듯 물어보세요 : 894가지 케이스별 명쾌한 솔루션',183,132,'2012',''),(35,'학산작은도서관','500(기술)','(0~5세) 애착 육아의 기적 : 0~5세에 경험하는 부모의 사랑에 따라 아이의 미래가 달라진다',248,159,'2016','598.1-이45ㅇ'),(36,'이곡2동작은도서관','500(기술)','(0~5세)말걸기 육아의 힘 : 엄마가 건네는 사소한 말 한마디가 내 아이를 똑똑하게 만든다',63,159,'2015',''),(37,'이곡2동작은도서관','500(기술)','(0~7세까지 아이의 상상을 넓히고 생각의 깊이를 결정짓는) 엄마의 어휘력',324,9,'2021',''),(38,'이곡2동작은도서관','100(철학)','(03초의 기적) 감사의 힘',132,168,'2008',''),(39,'이곡2동작은도서관','100(철학)','(03초의 기적) 감사의 힘',132,168,'2008',''),(40,'행정정보문고센터','300(사회)','(07년도)행정혁신 추진계획',97,64,'2008','359.01'),(41,'행정정보문고센터','900(역사)','(08-09 최신판) 오사카로 가출하기',89,57,'2008','981.302-내68ㅇ'),(42,'이곡2동작은도서관','500(기술)','(0세부터 시작하는)감정조절 훈육법',64,114,'2018',''),(43,'용산1동작은도서관','400(순수)','(0에서 무한대까지) 재미있게 읽는 수학개념',146,205,'2016',''),(44,'행정정보문고센터','300(사회)','(0원으로 하는) 인스타그램 = Instagram marketing : 해시태그 마케팅',288,10,'2017','326.165-조64ㅇ'),(45,'학산작은도서관','300(사회)','(0원으로 하는) 인스타그램 = Instagram marketing : 해시태그 마케팅',288,10,'2017','326.165-조64ㅇ'),(46,'이곡2동작은도서관','800(문학)','(1 2학년) 동시',221,243,'2003',''),(47,'이곡2동작은도서관','800(문학)','(1 2학년) 동시',221,243,'2003',''),(48,'행정정보문고센터','300(사회)','(1 Mission 3 Role) 성과 중심의 리더십',142,164,'2006','325.3-류29ㅅ'),(49,'이곡2동작은도서관','300(사회)','(1%비즈니스 리더를 위한)고품격 대화법',213,63,'2006',''),(50,'이곡2동작은도서관','300(사회)','(1,000만 원으로 시작하는)해외 부동산 투자',220,172,'2005',''),(51,'용산1동작은도서관','300(사회)','(1,000만 원으로 시작하는)해외 부동산 투자',220,172,'2008',''),(52,'이곡2동작은도서관','500(기술)','(1／1) 1일 1정리',208,213,'2018',''),(53,'학산작은도서관','400(순수)','(1~2학년이 보는 과학) 곤충',345,209,'2015','495.2-해42ㄱ'),(54,'학산작은도서관','400(순수)','(1~2학년이 보는 과학) 공룡',345,209,'2015','457.279-해42ㄱ'),(55,'학산작은도서관','400(순수)','(1~2학년이 보는 과학) 식물',345,209,'2015','481-해42ㅅ'),(56,'학산작은도서관','400(순수)','(1~2학년이 보는 과학) 지구',344,209,'2015','450-해42ㅈ'),(57,'장기동작은도서관','800(문학)','(1000년 동안 가장 많이 읽힌)우리 고전 16가지',274,149,'2008',''),(58,'용산1동작은도서관','900(역사)','(1000원으로 시작하는)서울 역사 문화 여행',240,242,'2008',''),(59,'행정정보문고센터','800(문학)','(1000일간의)블로그 : 중학생 아들과 함께한 즐거운 글쓰기 여행',199,29,'2010','802-송56ㅂ'),(60,'용산1동작은도서관','000(총류)','(100가지 상황별로 찍어보는)디지털카메라&사진편집 기본+활용',76,157,'2008',''),(61,'용산1동작은도서관','300(사회)','(100년을 꿈꾸는 노포)한국 최고의 가게',243,245,'2008',''),(62,'용산1동작은도서관','000(총류)','(100만 방문자와 소통하는) 페이스북 페이지 만들기',306,231,'2012',''),(63,'행정정보문고센터','900(역사)','(100배 즐기기) 괌·사이판 = Guam·Saipan : 15\'~16\' 최신판',192,14,'2015','986.6102-성97ㄱ'),(64,'이곡2동작은도서관','300(사회)','(100세 시대를 사는 우리 아이를 위한)경제교육 용돈으로 시작하라',182,242,'2014',''),(65,'학산작은도서관','500(기술)','(100세까지 통증 없이 살려면) 속근육을 풀어라 : 뭉친 근육과 뻣뻣한 관절을 푸는 작은 습관의 기적',233,100,'2016','517.32-우78ㅅ'),(66,'장기동작은도서관','500(기술)','(100세까지 통증없이 살려면) 속근육을 풀어라',232,101,'2019',''),(67,'행정정보문고센터','300(사회)','(100인의 명문대 선배들이 알려주는)학생부 종합형 교과서 : 자기소개서 면접',198,133,'2019','377-손74ㅎ'),(68,'용산1동작은도서관','500(기술)','(101 Deco Ideas) 우리 집이 예뻐진다',157,190,'2012',''),(69,'용산1동작은도서관','400(순수)','(101가지 사이언스 파워퀴즈)지식은 힘.공룡',276,152,'2008',''),(70,'장기동작은도서관','400(순수)','(101가지사이언스파워퀴즈)지식은힘-지구/101가지사이언스파워퀴',275,152,'2008',''),(71,'용산1동작은도서관','300(사회)','(10년 뒤 더 나은 내 일을 위한) 미래 유망 직업 콘서트',26,52,'2016',''),(72,'행정정보문고센터','300(사회)','(10년 영어교육과정을 한눈에 이해하고 목표와 방향을 세우는) 초중고 영어공부 로드맵',353,136,'2021','374.74-허76ㅊ'),(73,'이곡2동작은도서관','700(언어)','(10년 해도 안 돼)돼지 회사짱 되는 영어회화',133,96,'2004',''),(74,'용산1동작은도서관','300(사회)','(10년 해도 안 되는 내 집 마련)재건축 재개발로 빨리 집사기',282,115,'2009',''),(75,'학산작은도서관','300(사회)','(10년 후 길을 잃지 않기 위한) 중년지도 : 살아남을 것인가 사라질 것인가 10년 후를 위해 지금 알아야 하는 것들',13,13,'2014','325.04-가65ㅈ'),(76,'학산작은도서관','300(사회)','(10년 후 길을 잃지 않기 위한) 중년지도 : 살아남을 것인가 사라질 것인가 10년 후를 위해 지금 알아야 하는 것들',13,13,'2014','325.04-가65ㅈ=2'),(77,'행정정보문고센터','300(사회)','(10년 후 미래를 바꾸는) 단 한 장의 인생설계도',322,29,'2013','325.04-클292ㄷ'),(78,'이곡2동작은도서관','300(사회)','(10년 후에도 변하지 않을)부동산 투자의 정석',68,151,'2017',''),(79,'장기동작은도서관','000(총류)','(10년후중국) 중국의 미래를 읽는다',186,176,'2008',''),(80,'이곡2동작은도서관','300(사회)','(10대 소녀를 위한)카네기 인간관계론',135,145,'2006',''),(81,'장기동작은도서관','300(사회)','(10대 소녀를 위한)카네기 인간관계론',312,145,'2008',''),(82,'용산1동작은도서관','100(철학)','(10대가 묻고 18명의 심리학자가 답하는) 살아 있는 심리학 이야기',143,47,'2014',''),(83,'학산작은도서관','900(역사)','(10대가 묻고 18명의 역사학자가 답하는) 살아 있는 세계역사 이야기',278,46,'2015','909-저66ㅅ'),(84,'학산작은도서관','100(철학)','(10대가 묻고 18명의 철학자가 답하는) 살아 있는 철학 이야기',228,47,'2015','104-왕892ㅅ'),(85,'용산1동작은도서관','300(사회)','(10대가 알아야 할) 미래 직업의 이동 : ICT와 인공지능이 만드는 10년 후 직업 이야기',171,232,'2020',''),(86,'장기동작은도서관','900(역사)','(10대들을 위한) 나의 문화유산답사기. 1, 신라 경주',237,200,'2019',''),(87,'장기동작은도서관','900(역사)','(10대들을 위한) 나의 문화유산답사기. 2, 백제, 공주, 부여 외',238,200,'2019',''),(88,'장기동작은도서관','900(역사)','(10대들을 위한) 나의 문화유산답사기. 3, 조선, 서울 1',238,200,'2020',''),(89,'장기동작은도서관','900(역사)','(10대들을 위한) 나의 문화유산답사기. 4, 조선 서울2',238,200,'2020',''),(90,'행정정보문고센터','100(철학)','(10대들의 고민 타파) 걱정을 덜어 주는 책',144,87,'2019','181.7-콕57ㄱ'),(91,'이곡2동작은도서관','900(역사)','(10대들의)역사 리포트 : 남겨진 슬픔, 못다 전한 이야기',296,153,'2005',''),(92,'행정정보문고센터','300(사회)','(10대를 위한 재미있는)경제 특강',290,162,'2015','320.1-조76ㄱ'),(93,'용산1동작은도서관','100(철학)','(10대를 위한) 공부 명언 365',308,106,'2012',''),(94,'장기동작은도서관','100(철학)','(10대를 위한) 그릿 : 청소년을 위한 꿈과 자신감의 비결',150,63,'2019',''),(95,'이곡2동작은도서관','300(사회)','(10대를 위한) 부자 아빠 가난한 아빠',140,241,'2007',''),(96,'이곡2동작은도서관','900(역사)','(10대를 위한) 사피엔스 : 한 번에 정리하는 인류 문명의 역사',177,118,'2021',''),(97,'용산1동작은도서관','300(사회)','(10대를 위한) 생각하는 헌법',189,62,'2014',''),(98,'용산1동작은도서관','300(사회)','(10대를 위한) 스타벅스 CEO 하워드슐츠 이야기 : 스타벅스 회장 겸 최고경영자 하워드 슐츠의 기업가 정신과 리더십',80,173,'2014',''),(99,'학산작은도서관','300(사회)','(10대를 위한) 정의란 무엇인가 : 하버드대 마이클 샌델 교수의 정의 수업',148,148,'2014','340.1-샌24ㅈ'),(100,'용산1동작은도서관','300(사회)','(10대를 위한) 정의란 무엇인가 : 하버드대 마이클 샌델 교수의 정의 수업',147,147,'2018',''),(101,'용산1동작은도서관','300(사회)','(10대를 위한)부자 아빠 가난한 아빠',141,241,'2008',''),(102,'이곡2동작은도서관','800(문학)','(10대를 위한)뿌리 깊은 나무. 1권',262,120,'2011',''),(103,'이곡2동작은도서관','800(문학)','(10대를 위한)뿌리 깊은 나무. 1권',262,120,'2011',''),(104,'이곡2동작은도서관','800(문학)','(10대를 위한)뿌리 깊은 나무. 2권',262,120,'2011',''),(105,'이곡2동작은도서관','800(문학)','(10대를 위한)뿌리 깊은 나무. 2권',262,120,'2011',''),(106,'행정정보문고센터','300(사회)','(10대를 위한)정의란 무엇인가 : 하버드대 마이클 샌델 교수의 정의 수업',148,117,'2014','340.1-샌24ㅅ'),(107,'이곡2동작은도서관','800(문학)','(10대에 꼭 읽어야 할)우리 명작 단편 10선',83,16,'2006',''),(108,'용산1동작은도서관','500(기술)','(10대와 통하는) 건강 이야기 : 건강으로 살펴본 세상',43,204,'2020',''),(109,'행정정보문고센터','300(사회)','(10대와 통하는) 노동 인권 이야기 : 차남호 선생님이 들려주는 노동과 세계',302,204,'2013','321.5-차192ㄴ'),(110,'용산1동작은도서관','300(사회)','(10대와 통하는) 땅과 집 이야기 : 인권으로 바로본 부동산 민주주의',197,204,'2013',''),(111,'용산1동작은도서관','700(언어)','(10대와 통하는) 새롭게 살려낸 우리말',310,204,'2015',''),(112,'학산작은도서관','700(언어)','(10대와 통하는) 새롭게 살려낸 우리말',310,204,'2015','710-최75ㅅ'),(113,'용산1동작은도서관','300(사회)','(10대와 통하는) 일하는 청소년의 권리 이야기',256,204,'2015',''),(114,'행정정보문고센터','500(기술)','(10대와 통하는) 탈핵 이야기',307,204,'2014','539.9-최64ㅌ'),(115,'행정정보문고센터','100(철학)','(10대와 통하는)윤리학',343,204,'2012','190-함16ㅇ-6'),(116,'행정정보문고센터','300(사회)','(10분 만에 완성!) 초간단 인기 요리 : 피크닉 도시락 만들기',253,48,'2018','375.2-텐88ㅊ'),(117,'이곡2동작은도서관','300(사회)','(10살에 꼭 만나야 할) 100명의 직업인',341,185,'2008',''),(118,'이곡2동작은도서관','400(순수)','(10세부터 배우는)상대성이론',311,238,'2004',''),(119,'이곡2동작은도서관','300(사회)','(10원으로 배우는)경제이야기',155,156,'2005',''),(120,'용산1동작은도서관','300(사회)','(10원으로 배우는)경제이야기',156,156,'2008',''),(121,'용산1동작은도서관','300(사회)','(10원으로 배우는)경제이야기',154,156,'2008',''),(122,'장기동작은도서관','800(문학)','(119 소방관 아저씨의) 연탄꽃이 활짝 피었습니다',161,186,'2018',''),(123,'용산1동작은도서관','800(문학)','(119 소방관 아저씨의) 연탄꽃이 활짝 피었습니다',161,186,'2018',''),(124,'이곡2동작은도서관','700(언어)','(122개 핵심만 콕콕 집어주는) 똑똑한 중국어 문법책',195,94,'2007',''),(125,'행정정보문고센터','300(사회)','(1250℃)최고의 나를 만나라',60,188,'2007','325.3-김44ㅊ'),(126,'학산작은도서관','700(언어)','(126 패턴으로 내가 쓰는) 터키어',216,105,'2015','739.4-안94ㅌ'),(127,'용산1동작은도서관','600(예술)','(12가지 그림 안에) 실수들이 바글바글',94,208,'2007',''),(128,'용산1동작은도서관','600(예술)','(12가지 그림 안에) 실수들이 북적북적',94,208,'2007',''),(129,'용산1동작은도서관','600(예술)','(12가지 그림 안에) 실수들이 우글우글',94,208,'2007',''),(130,'용산1동작은도서관','300(사회)','(12명의 서울대생이 공개하는)서울대 리얼 초등공부법',185,30,'2011',''),(131,'장기동작은도서관','300(사회)','(12살 공부왕 멘토의)비밀 노트',175,99,'2008',''),(132,'이곡2동작은도서관','500(기술)','(12살 서현이의) 손바느질 소품 DIY',6,163,'2007',''),(133,'행정정보문고센터','300(사회)','(12살에 시작한) 진짜 공부',264,187,'2008','373-이78ㅈ'),(134,'행정정보문고센터','800(문학)','(12살의 봄) 상상만 해도 기분이 좋아',46,17,'2008','813.6-이54ㅅ'),(135,'이곡2동작은도서관','800(문학)','(12살의 봄) 상상만 해도 기분이 좋아',254,17,'2008',''),(136,'이곡2동작은도서관','000(총류)','(132가지 핵심 포인트로 끝내는) 오피스 2013',227,181,'2013',''),(137,'학산작은도서관','000(총류)','(13살을 위한)놀라운 잡학사전 321',149,45,'2019','031-마57ㄴ'),(138,'장기동작은도서관','800(문학)','(13세부터 시작하는) 자존감 up 자기소개서',303,186,'2014',''),(139,'장기동작은도서관','300(사회)','(14가지 원리만 알면 너무나 간단한) 회계공부',257,20,'2008',''),(140,'행정정보문고센터','500(기술)','(158Kg에서 78Kg)90일간의 조주현 걷기 다이어트',289,171,'2001','517.32-조76'),(141,'이곡2동작은도서관','900(역사)','(16일간의)세계사 여행',217,125,'2006',''),(142,'용산1동작은도서관','900(역사)','(16일간의)세계사 여행',218,125,'2008',''),(143,'용산1동작은도서관','300(사회)','(17세가 읽는) 행복한 경제학',244,95,'2013',''),(144,'이곡2동작은도서관','900(역사)','(192개국의)국기로 배우는 세계상식',266,24,'2004',''),(145,'이곡2동작은도서관','900(역사)','(192개국의)국기로 배우는 세계상식',266,24,'2004',''),(146,'행정정보문고센터','300(사회)','(1963∼1993) 지난 30年間 雇傭事情의 變化 = Comprehensive time series report on the economically active population survey : 經濟活動人口調査 30年',390,265,'1994','319.95-통14ㅈ'),(147,'행정정보문고센터','300(사회)','(1985) 인구 및 주택 센서스 보고 : 시·도편. 2, 대구직할시',24,23,'1987','319.0911-경74ㅇ-85-13-3'),(148,'행정정보문고센터','300(사회)','(1985) 인구 및 주택 센서스 보고. 1, 전국편',24,23,'1987','319.0911-경74ㅇ-85-1'),(149,'행정정보문고센터','300(사회)','(1985-1991年度) 道內總生産 = Gross provincial domestic product',390,265,'1993','321.811-통14ㄷ-1985-1991'),(150,'행정정보문고센터','300(사회)','(1988) 국회의원 선거법령집',87,55,'1988','368.344-내36ㄱ-1988'),(151,'행정정보문고센터','300(사회)','(1988) 내무행정백서',85,55,'1988','350.233-내36ㄴ-1988'),(152,'행정정보문고센터','300(사회)','(1988年度) 國土利用에 關한 年次報告書',23,21,'1988','322.11-건54ㅌ-1988'),(153,'행정정보문고센터','500(기술)','(1989) 광공업통계조사보고서 = Report on Mining Manufacturing Survey',130,86,'1991','559.6059-대16ㄱ-1989'),(154,'행정정보문고센터','300(사회)','(1989年)硏究事業報告書',393,266,'1987','359.072-한16ㅇ'),(155,'행정정보문고센터','300(사회)','(1989년도) 민원관계공무원 교육교재',130,207,'1989','350.37-대16ㅁ-1989'),(156,'행정정보문고센터','300(사회)','(1989年度) 第1回主要業務施行修正計劃',131,86,'1989','359.1184-대16ㅈ-1989-수'),(157,'행정정보문고센터','500(기술)','(1990) 광공업통계조사 보고서 = Report on mining and manufacturing survey',315,210,'1992','559.61059-통14ㄱ-1990'),(158,'행정정보문고센터','300(사회)','(1990) 區政硏鑽. 第1輯',381,259,'1990','359.1184-대16ㄱ-1-북'),(159,'행정정보문고센터','300(사회)','(1990) 내무행정백서',85,55,'1990','350.233-내36ㄴ-1990'),(160,'행정정보문고센터','500(기술)','(1990) 농업총조사. 1, 전국편',91,88,'1991','520.25-농298ㄴ-1990-1'),(161,'행정정보문고센터','500(기술)','(1990) 농업총조사. 10, 경상남도',91,88,'1992','520.25-농298ㄴ-1990-10'),(162,'행정정보문고센터','500(기술)','(1990) 농업총조사. 11, 경상남도',91,88,'1992','520.25-농298ㄴ-1990-11'),(163,'행정정보문고센터','500(기술)','(1990) 농업총조사. 2, 서울특별시, 부산직할시, 제주도',91,88,'1992','520.25-농298ㄴ-1990-2'),(164,'행정정보문고센터','500(기술)','(1990) 농업총조사. 3, 대구직할시, 인천직할시, 광주직할시, 대전직할시',91,88,'1992','520.25-농298ㄴ-1990-3'),(165,'행정정보문고센터','500(기술)','(1990) 농업총조사. 3, 대구직할시, 인천직할시, 광주직할시, 대전직할시',91,88,'1992','520.25-농298ㄴ-1990-3=2'),(166,'행정정보문고센터','500(기술)','(1990) 농업총조사. 4, 경기도',91,88,'1992','520.25-농298ㄴ-1990-4'),(167,'행정정보문고센터','500(기술)','(1990) 농업총조사. 5, 강원도',92,88,'1992','520.25-농298ㄴ-1990-5'),(168,'행정정보문고센터','500(기술)','(1990) 농업총조사. 6, 충청북도',91,88,'1992','520.25-농298ㄴ-1990-6'),(169,'행정정보문고센터','500(기술)','(1990) 농업총조사. 7, 충청남도',91,88,'1992','520.25-농298ㄴ-1990-7'),(170,'행정정보문고센터','500(기술)','(1990) 농업총조사. 8, 전라북도',91,88,'1992','520.25-농298ㄴ-1990-8'),(171,'행정정보문고센터','500(기술)','(1990) 농업총조사. 9, 전라남도',91,88,'1992','520.25-농298ㄴ-1990-9'),(172,'행정정보문고센터','500(기술)','(1990) 농업총조사속보 = PRELIMINARY REPORT OF THE AGRICULTURAL CENSUS',93,60,'1991','520.25-농298ㄴ-1990'),(173,'행정정보문고센터','300(사회)','(1990) 소비자 고발처리 사례집',330,224,'1990','321.89-한16ㅅ'),(174,'행정정보문고센터','300(사회)','(1990) 인구주택총조사 잠정보고서',314,210,'1991','319.0911-통14ㅇ-1990'),(175,'행정정보문고센터','300(사회)','(1990) 인구주택총조사보고서 = Population and housing census report : 시·도편, 대구직할시',315,210,'1992','319.0911-통14ㅇ-90-2-15-3'),(176,'행정정보문고센터','300(사회)','(1990) 인구주택총조사보고서 = Population and housing census report. 1, 전국편',315,210,'1992','319.0911-통14ㅇ-90-1'),(177,'행정정보문고센터','300(사회)','(1990年度 1/4分期) 主要業務審査分析報告書',378,258,'1990','359.1184-대16ㅈ-1990-1-분'),(178,'행정정보문고센터','300(사회)','(1990年度 2/4分期) 主要業務審査分析報告書',378,258,'1990','359.1184-대16ㅈ-1990-2-분'),(179,'행정정보문고센터','300(사회)','(1990年度 高級幹部養成課程) 優秀論文集',88,248,'1990','359.005-내36ㅇ-1990-고'),(180,'행정정보문고센터','300(사회)','(1990年度 中堅幹部養成課程) 優秀論文集',88,248,'1990','359.005-내36ㅇ-1990'),(181,'행정정보문고센터','300(사회)','(1990年度) 市政決算',130,258,'1990','359.1184-대16ㅅ-1990-결'),(182,'행정정보문고센터','300(사회)','(1990年度) 第1回主要業務施行修正計劃',131,86,'1990','359.1184-대16ㅈ-1990-수'),(183,'행정정보문고센터','300(사회)','(1990년年度 市長郡守課程) 優秀論文集',364,248,'1990','359.004-지42ㅇ'),(184,'행정정보문고센터','500(기술)','(1991) 鑛工業統計調査報告書 = Report on mining and manufacturing survey : 全國篇',315,265,'1993','559.61059-통14ㄱ-1991-2'),(185,'행정정보문고센터','500(기술)','(1991) 鑛工業統計調査報告書 = Report on mining and manufacturing survey : 地域篇',315,265,'1993','559.61059-통14ㄱ-1991-1'),(186,'행정정보문고센터','300(사회)','(1991) 區政白書',109,251,'1992','359.1184-대16ㄱ-1991-북'),(187,'행정정보문고센터','300(사회)','(1991) 내무행정백서',85,55,'1991','350.233-내36ㄴ-1991'),(188,'행정정보문고센터','300(사회)','(1991) 總事業體統計調査報告書. 1, 全國篇',392,265,'1992','323.059-통14ㅊ-1991-1'),(189,'행정정보문고센터','300(사회)','(1991) 總事業體統計調査報告書. 2, 地域編',392,265,'1992','323.059-통14ㅊ-1991-2'),(190,'행정정보문고센터','300(사회)','(1991) 總事業體統計調査報告書. 3, 都·小賣業篇',392,265,'1992','323.059-통14ㅊ-1991-3'),(191,'행정정보문고센터','300(사회)','(1991) 總事業體統計調査報告書. 4, 서비스業篇',392,265,'1992','323.059-통14ㅊ-1991-4'),(192,'행정정보문고센터','300(사회)','(1991) 행정쟁송사례집 : 敗訴事例中心',86,56,'1990','363.7-내36ㅎ'),(193,'행정정보문고센터','300(사회)','(1991年度 1/4分期) 主要業務審査分析報告書',378,258,'1991','359.1184-대16ㅈ-1991-1-분'),(194,'행정정보문고센터','300(사회)','(1991年度 2/4分期) 主要業務審査分析報告書',378,258,'1991','359.1184-대16ㅈ-1991-2-분'),(195,'행정정보문고센터','500(기술)','(1991年度) 建設工事設計指針書 : 機械·電氣·通信設備分野',379,258,'1991','532.8-대16-1991-1'),(196,'행정정보문고센터','500(기술)','(1991年度) 建設工事設計指針書 : 一般土木·上水道·下水道·造景分野',379,258,'1991','532.8-대16-1991-2'),(197,'행정정보문고센터','300(사회)','(1991年度) 市政決算',130,258,'1991','359.1184-대16ㅅ-1991-결'),(198,'행정정보문고센터','300(사회)','(1991年度) 市政報告슬라이드',130,258,'1991','359.061184-대16ㅅ-1991'),(199,'행정정보문고센터','300(사회)','(1991年度) 電算通信業務細部推進計劃',386,263,'1991','359.0151-대16ㅈ'),(200,'행정정보문고센터','300(사회)','(1991年度) 主要業務施行計劃',380,258,'1991','359.1184-대16ㅈ-1991-시'),(201,'행정정보문고센터','300(사회)','(1991年度) 行政事務監査處理結果報告',131,64,'1991','359.05-대16ㅎ'),(202,'행정정보문고센터','500(기술)','(1992) 鑛工業統計調査報告書 = Report on mining and manufacturing survey : 全國篇',315,265,'1994','559.61059-통14ㄱ-1992-2'),(203,'행정정보문고센터','500(기술)','(1992) 鑛工業統計調査報告書 = Report on mining and manufacturing survey : 地域篇',315,265,'1994','559.61059-통14ㄱ-1992-1'),(204,'행정정보문고센터','300(사회)','(1992) 내무행정백서',85,55,'1992','350.233-내36ㄴ-1992'),(205,'행정정보문고센터','300(사회)','(1992年 市道別) 地域內總生産 = Gross provincial domestic product',390,265,'1994','321.811-통14ㅈ-1992'),(206,'행정정보문고센터','500(기술)','(1992년) 원자력안전백서',28,28,'1992','559.1059-과92ㅇ-1992'),(207,'행정정보문고센터','300(사회)','(1992年度 2/4分期) 主要業務審査分析報告書',378,258,'1992','359.1184-대16ㅈ-1992-2-분'),(208,'행정정보문고센터','300(사회)','(1992年度 3/4分期) 主要業務計劃審査分析報告書',378,258,'1992','359.1184-대16ㅈ-1992-3-분'),(209,'행정정보문고센터','300(사회)','(1992年度) 地方議會白書 : 1991.4∼1995.7',363,55,'1992','359.05-내36ㅈ-1992'),(210,'행정정보문고센터','300(사회)','(1992年度) 地方自治團體 經費分類細部基準',387,263,'1992','329.3-대16ㅈ-1992-달'),(211,'행정정보문고센터','500(기술)','(1993) 建設業統計調査報告書',390,210,'1994','530.059-통14ㄱ-1993'),(212,'행정정보문고센터','300(사회)','(1993) 區政硏鑽. 第1輯',385,262,'1993','359.1184-대16ㄱ-1-서'),(213,'행정정보문고센터','300(사회)','(1993) 區政硏鑽. 第3輯',381,259,'1993','359.1184-대16ㄱ-3-북'),(214,'행정정보문고센터','500(기술)','(1993) 産業總調査報告書 = Report on industrial census : 其他篇',315,265,'1995','530.059-통14ㄱ-1993-3'),(215,'행정정보문고센터','500(기술)','(1993) 産業總調査報告書 = Report on industrial census : 全國篇 :  鑛工業 從事者 5人以上 事業體',315,265,'1995','530.059-통14ㄱ-1993-2'),(216,'행정정보문고센터','500(기술)','(1993) 産業總調査報告書 = Report on industrial census : 地域篇 :  鑛工業 從事者 5人以上 事業體',392,265,'1995','530.059-통14ㅅ-1993-1'),(217,'행정정보문고센터','500(기술)','(1993) 상수도 현황',389,264,'1993','539.1-대16ㅅ-1993'),(218,'행정정보문고센터','500(기술)','(1993년 기준) 鑛工業統計調査報告書 = Report on Mining Manufacturing Survey',130,86,'1995','559.6059-대16ㄱ-1993'),(219,'행정정보문고센터','300(사회)','(1993年 市道別) 地域內總生産 = Gross provincial domestic product',390,265,'1995','321.811-통14ㅈ-1993'),(220,'행정정보문고센터','500(기술)','(1993년) 원자력 안전백서',29,28,'1993','559.1059-과92ㅇ-1993'),(221,'행정정보문고센터','300(사회)','(1993年度 1/4分期) 主要業務計劃審査分析報告書',378,258,'1993','359.1184-대16ㅈ-1993-1-분'),(222,'행정정보문고센터','300(사회)','(1993年度 2/4分期) 主要業務計劃審査分析報告書',378,258,'1993','359.1184-대16ㅈ-1993-2-분'),(223,'행정정보문고센터','300(사회)','(1993年度 3/4分期) 主要業務計劃審査分析報告書',378,258,'1993','359.1184-대16ㅈ-1993-3-분'),(224,'행정정보문고센터','300(사회)','(1993年度 4/4分期) 主要業務計劃審査分析報告書',378,258,'1993','359.1184-대16ㅈ-1993-4-분'),(225,'행정정보문고센터','300(사회)','(1993年度) 區議會運營決算',384,258,'1993','359.051184-대16ㄱ-1993'),(226,'행정정보문고센터','300(사회)','(1993年度) 主要業務細部實踐計劃',380,258,'1993','359.1184-대16ㅈ-1993-세-2'),(227,'행정정보문고센터','300(사회)','(1993年度) 主要業務細部實踐計劃 : 10大市政課題',380,258,'1993','359.1184-대16ㅈ-1993-세-1'),(228,'행정정보문고센터','300(사회)','(1993年度) 主要業務施行計劃 : 第1回 修正計劃',380,258,'1993','359.1184-대16ㅈ-1993-시'),(229,'행정정보문고센터','500(기술)','(1994) 鑛工業統計調査報告書 = Report on mining and manufacturing survey : 全國篇',315,265,'1996','559.61059-통14ㄱ-1994-2'),(230,'행정정보문고센터','500(기술)','(1994) 鑛工業統計調査報告書 = Report on mining and manufacturing survey : 地域篇',315,265,'1996','559.61059-통14ㄱ-1994-1'),(231,'행정정보문고센터','300(사회)','(1994) 區政白書',109,251,'1994','359.1184-대16ㄱ-1994-북'),(232,'행정정보문고센터','300(사회)','(1994) 내무행정백서',85,55,'1994','350.233-내36ㄴ-1994'),(233,'행정정보문고센터','300(사회)','(1994) 事業體基礎統計調査報告書',390,265,'1994','324.059-통14ㅅ-1993'),(234,'행정정보문고센터','300(사회)','(1994) 運輸業統計調査報告書 = Report on the transportation survey',391,265,'1995','326.3-통14ㅌ-1994'),(235,'행정정보문고센터','500(기술)','(1994年 基準) 鑛工業統計調査報告書 = Report on Mining Manufacturing Survey',130,86,'1996','559.6059-대16ㄱ-1994'),(236,'행정정보문고센터','300(사회)','(1994年 基準) 事業體基礎統計調査報告書 = REPORT ON THE CENSUS ON BASIC CHARACTERISTICS OF ESTABLISHMENTS',367,250,'1995','324.059-중16ㅅ-1994'),(237,'행정정보문고센터','300(사회)','(1994年 市道別) 地域內總生産 = Gross provincial domestic product',390,265,'1996','321.811-통14ㅈ-1994'),(238,'행정정보문고센터','300(사회)','(1994年基準) 事業體基礎統計調査報告書',390,265,'1995','324.059-통14ㅅ-1994'),(239,'행정정보문고센터','300(사회)','(1994年基準) 事業體基礎統計調査報告書 = REPORT ON THE CENSUS ON BASIC CHARACTERISTICS OF ESTABLISHMENTS',368,251,'1995','324.059-북16ㅅ-1994'),(240,'행정정보문고센터','300(사회)','(1994年度 1/4分期) 主要業務計劃審査分析報告書',378,258,'1994','359.1184-대16ㅈ-1994-1-분'),(241,'행정정보문고센터','300(사회)','(1994年度 2/4分期) 主要業務計劃審査分析報告書',378,258,'1994','359.1184-대16ㅈ-1994-2-분'),(242,'행정정보문고센터','300(사회)','(1994年度) 主要業務細部實踐計劃',380,258,'1994','359.1184-대16ㅈ-1994-세'),(243,'행정정보문고센터','300(사회)','(1994年度) 主要業務施行計劃',383,261,'1994','359.1184-수54ㅈ-1994'),(244,'행정정보문고센터','300(사회)','(1994年度) 地方自治團體豫算編成基本指針',388,263,'1994','329.92-대16ㅈ-1994-달'),(245,'행정정보문고센터','500(기술)','(1995) 建設業統計調査報告書',390,210,'1996','530.059-통14ㄱ-1995'),(246,'행정정보문고센터','500(기술)','(1995) 鑛工業統計調査報告書 = Report on mining and manufacturing survey : 全國篇',315,265,'1997','559.61059-통14ㄱ-1995-2'),(247,'행정정보문고센터','500(기술)','(1995) 鑛工業統計調査報告書 = Report on mining and manufacturing survey : 地域篇',315,265,'1997','559.61059-통14ㄱ-1995-1'),(248,'행정정보문고센터','300(사회)','(1995) 내무행정백서',85,55,'1995','350.233-내36ㄴ-1995'),(249,'행정정보문고센터','500(기술)','(1995) 농업총조사. 3, 대구광역시, 인천광역시, 광주광역시, 대전광역시',90,59,'1997','520.25-농298ㄴ-1995-3'),(250,'행정정보문고센터','300(사회)','(1995) 大邱廣域市職制規程集',366,249,'1995','359.02-대16ㄷ-1995'),(251,'행정정보문고센터','300(사회)','(1995) 事業體基礎統計調査報告書',111,254,'1995','324.059-서16ㅅ-1994'),(252,'행정정보문고센터','300(사회)','(1995) 사업체기초통계조사보고서 = Report of the census on establishments',113,74,'1995','324.059-수54ㅅ-1994'),(253,'행정정보문고센터','300(사회)','(1995) 事業體基礎統計調査報告書 = REPORT ON THE CENSUS ON BASIC CHARACTERISTICS OF ESTABLISHMENTS',369,252,'1995','324.059-남16ㅅ-1994'),(254,'행정정보문고센터','300(사회)','(1995) 산업생산연보',315,210,'1996','323.059-통14ㅅ-1995'),(255,'행정정보문고센터','300(사회)','(1995) 인구주택 총조사 속보 : 2％표본추출 집계결과',317,210,'1996','319.0911-통14ㅇ'),(256,'행정정보문고센터','300(사회)','(1995) 인구주택총조사보고서 = Population and housing census report : 시·도편, 대구광역시',315,210,'1997','319.0911-통14ㅇ-95-2-15-3'),(257,'행정정보문고센터','300(사회)','(1995) 인구주택총조사보고서 = Population and housing census report, 경제활동',315,210,'1997','319.0911-통14ㅇ-95-5'),(258,'행정정보문고센터','300(사회)','(1995) 인구주택총조사보고서 = Population and housing census report, 고령자',315,210,'1997','319.0911-통14ㅇ-95-8'),(259,'행정정보문고센터','300(사회)','(1995) 인구주택총조사보고서 = Population and housing census report, 산업·직업',315,210,'1997','319.0911-통14ㅇ-95-6'),(260,'행정정보문고센터','300(사회)','(1995) 인구주택총조사보고서 = Population and housing census report, 인구이동',315,210,'1997','319.0911-통14ㅇ-95-4'),(261,'행정정보문고센터','300(사회)','(1995) 인구주택총조사보고서 = Population and housing census report, 임차료',315,210,'1997','319.0911-통14ㅇ-95-7'),(262,'행정정보문고센터','300(사회)','(1995) 인구주택총조사보고서 = Population and housing census report, 통근·통학',315,210,'1997','319.0911-통14ㅇ-95-3'),(263,'행정정보문고센터','300(사회)','(1995) 인구주택총조사보고서 = Population and housing census report. 1-1, 전국편',315,210,'1997','319.0911-통14ㅇ-95-1-1'),(264,'행정정보문고센터','300(사회)','(1995) 인구주택총조사보고서 = Population and housing census report. 1-2, 전국편',315,210,'1997','319.0911-통14ㅇ-95-1-2'),(265,'행정정보문고센터','300(사회)','(1995~1999) 新達西發展 5個年計劃 : 中期財政計劃',375,256,'1995','329.901184-대16ㅅ-1995-달'),(266,'행정정보문고센터','500(기술)','(1995年 基準) 鑛工業統計調査報告書 = Report on Mining Manufacturing Survey',96,64,'1997','559.6059-대16ㄱ-1995'),(267,'행정정보문고센터','500(기술)','(1995年 基準)鑛工業統計調査報告書  = Report on mining and manufacturing survey',371,249,'1997','559.6059-대16ㄱ'),(268,'행정정보문고센터','300(사회)','(1995年 市道別) 地域內總生産 = Gross provincial domestic product',390,265,'1997','321.811-통14ㅈ-1995'),(269,'행정정보문고센터','300(사회)','(1995年基準) 事業體基礎統計調査報告書 = REPORT ON THE CENSUS ON BASIC CHARACTERISTICS OF ESTABLISHMENTS',369,252,'1996','324.059-남16ㅅ-1995'),(270,'행정정보문고센터','300(사회)','(1995年基準) 事業體基礎統計調査報告書 = REPORT ON THE CENSUS ON BASIC CHARACTERISTICS OF ESTABLISHMENTS',365,249,'1996','324.059-대16ㅅ-1995'),(271,'행정정보문고센터','300(사회)','(1995年基準) 事業體基礎統計調査報告書 = REPORT ON THE CENSUS ON BASIC CHARACTERISTICS OF ESTABLISHMENTS',373,255,'1996','324.059-대16ㅅ-1995-달'),(272,'행정정보문고센터','300(사회)','(1995年基準) 事業體基礎統計調査報告書 = REPORT ON THE CENSUS ON BASIC CHARACTERISTICS OF ESTABLISHMENTS',368,251,'1996','324.059-북16ㅅ-1995'),(273,'행정정보문고센터','300(사회)','(1995年基準) 事業體基礎統計調査報告書, 全國篇',390,265,'1996','324.059-통14ㅅ-1995-1'),(274,'행정정보문고센터','500(기술)','(1995년도 3/4분기) 대구지역광공업활동동향',98,64,'1995','559.6059-대16ㄷ-1995-3-활'),(275,'행정정보문고센터','300(사회)','(1995年度) 地方自治團體豫算編成基本指針',388,263,'1995','329.92-대16ㅈ-1995-달'),(276,'행정정보문고센터','500(기술)','(1996) 建設業統計調査報告書',390,210,'1997','530.059-통14ㄱ-1996'),(277,'행정정보문고센터','500(기술)','(1996) 鑛工業統計調査報告書 = Report on mining and manufacturing survey : 全國篇',315,265,'1998','559.61059-통14ㄱ-1996-2'),(278,'행정정보문고센터','500(기술)','(1996) 鑛工業統計調査報告書 = Report on mining and manufacturing survey : 地域篇',315,265,'1998','559.61059-통14ㄱ-1996-1'),(279,'행정정보문고센터','300(사회)','(1996) 區政白書',109,251,'1996','359.1184-대16ㄱ-1996-북'),(280,'행정정보문고센터','500(기술)','(1996) 都市家計年報',390,265,'1996','591.1059-통14ㄷ-1996'),(281,'행정정보문고센터','300(사회)','(1996) 물가연보',317,210,'1997','327.3059-통14ㅁ-1996'),(282,'행정정보문고센터','300(사회)','(1996) 사업체기초통계조사보고서 = Report of the census on establishments',113,74,'1996','324.059-수54ㅅ-1995'),(283,'행정정보문고센터','300(사회)','(1996) 事業體基礎統計調査報告書 = REPORT ON THE CENSUS ON BASIC CHARACTERISTICS OF ESTABLISHMENTS',369,252,'1997','324.059-남16ㅅ-1996'),(284,'행정정보문고센터','300(사회)','(1996) 산업생산연보',315,210,'1997','323.059-통14ㅅ-1996'),(285,'행정정보문고센터','300(사회)','(1996) 지방세정연감',98,64,'1996','329.94059-대16ㅈ-1996'),(286,'행정정보문고센터','000(총류)','(1996-2000) 정보화촉진 기본계획 : 해설서',334,227,'1996','020.13-한16ㅈ'),(287,'행정정보문고센터','500(기술)','(1996年 基準) 鑛工業統計調査報告書 = Report on Mining Manufacturing Survey',96,64,'1998','559.6059-대16ㄱ-1996'),(288,'행정정보문고센터','300(사회)','(1996년 기준) 사업체기초통계조사보고서 = Report of the census on establishments',113,74,'1997','324.059-수54ㅅ-1996'),(289,'행정정보문고센터','300(사회)','(1996년 기준)사업체기초통계조사보고서. 1996',98,64,'1997','324.059-대16ㅅ-1996'),(290,'행정정보문고센터','300(사회)','(1996년 시도별) 지역내총생산 = Gross provincial domestic product',315,210,'1998','321.811-통14ㅈ-1996'),(291,'행정정보문고센터','300(사회)','(1996년) 사망원인통계연보 : 인구동태신고에 의한 집계',317,210,'1997','319.5-통14ㅅ-1996'),(292,'행정정보문고센터','300(사회)','(1996년) 사회통계조사보고서 : 문화와 여가·교육부문',317,210,'1997','331.911-통14ㅅ-1996'),(293,'행정정보문고센터','300(사회)','(1996년) 인구동태통계연보 : 혼인 이혼편',317,210,'1997','319.0911-통14ㅇ-1996'),(294,'행정정보문고센터','300(사회)','(1996년) 인구이동통계연보 : 주민등록에 의한 집계',314,210,'1997','319.8-통14ㅇ-1996'),(295,'행정정보문고센터','300(사회)','(1996年基準) 事業體基礎統計調査報告書 = REPORT ON THE CENSUS ON BASIC CHARACTERISTICS OF ESTABLISHMENTS',365,249,'1997','324.059-대16ㅅ-1996'),(296,'행정정보문고센터','300(사회)','(1996年基準) 事業體基礎統計調査報告書 = REPORT ON THE CENSUS ON BASIC CHARACTERISTICS OF ESTABLISHMENTS',373,255,'1997','324.059-대16ㅅ-1996-달'),(297,'행정정보문고센터','300(사회)','(1996年基準) 事業體基礎統計調査報告書 = REPORT ON THE CENSUS ON BASIC CHARACTERISTICS OF ESTABLISHMENTS',368,251,'1997','324.059-북16ㅅ-1996'),(298,'행정정보문고센터','300(사회)','(1996年基準) 事業體基礎統計調査報告書, 全國篇',390,265,'1997','324.059-통14ㅅ-1996-1'),(299,'행정정보문고센터','500(기술)','(1996년도 1/4분기) 대구지역광공업활동동향',98,64,'1996','559.6059-대16ㄷ-1996-1-활'),(300,'행정정보문고센터','500(기술)','(1996년도 3/4분기) 대구지역광공업활동동향',98,64,'1996','559.6059-대16ㄷ-1996-3-활'),(301,'행정정보문고센터','300(사회)','(1996년도) 주민등록인구통계',98,64,'1997','319.091184-대16ㅈ-1996'),(302,'행정정보문고센터','300(사회)','(1997) 국제통계연감 = International Statistics Yearbook',315,210,'1997','310.59-통14ㄱ-1997'),(303,'행정정보문고센터','300(사회)','(1997) 大邱廣域市職制',366,249,'1997','359.02-대16ㄷ-1997'),(304,'행정정보문고센터','000(총류)','(1997) 도서관 문고운영 사례',153,113,'1996','026-문95ㄷ-1997'),(305,'행정정보문고센터','300(사회)','(1997) 보건복지백서',178,122,'1997','338.15-보14ㅂ-1997'),(306,'행정정보문고센터','300(사회)','(1997) 통일백서',321,212,'1997','340.911-통68ㅌ-1997'),(307,'행정정보문고센터','300(사회)','(1997) 한국의 사회지표',317,210,'1997','331.911-통14ㅎ-1997'),(308,'행정정보문고센터','300(사회)','(1997) 한국의 사회지표',317,210,'1997','331.911-통14ㅎ-1997=2'),(309,'행정정보문고센터','300(사회)','(1997~2001) 新達西發展 5個年計劃 : 中期財政計劃',375,256,'1997','329.901184-대16ㅅ-1997-달'),(310,'행정정보문고센터','300(사회)','(1997년 10월) 경기종합지수',7,210,'1997','327.37-통14ㄱ-1997-10'),(311,'행정정보문고센터','300(사회)','(1997년 7월) 경기종합지수',7,210,'1997','327.37-통14ㄱ-1997-07'),(312,'행정정보문고센터','300(사회)','(1997년 7월) 산업생산통계',315,210,'1997','323.059-통14ㅅ-1997-7'),(313,'행정정보문고센터','300(사회)','(1997년 8월) 경기종합지수',7,210,'1997','327.37-통14ㄱ-1997-08'),(314,'행정정보문고센터','300(사회)','(1997년 8월) 산업생산통계',315,210,'1997','323.059-통14ㅅ-1997-8'),(315,'행정정보문고센터','300(사회)','(1997년 9월) 경기종합지수',7,210,'1997','327.37-통14ㄱ-1997-09'),(316,'행정정보문고센터','300(사회)','(1997년 9월) 산업생산통계',315,210,'1997','323.059-통14ㅅ-1997-10'),(317,'행정정보문고센터','300(사회)','(1997년 9월) 산업생산통계',315,210,'1997','323.059-통14ㅅ-1997-12'),(318,'행정정보문고센터','300(사회)','(1997년 9월) 산업생산통계',315,210,'1997','323.059-통14ㅅ-1997-9'),(319,'행정정보문고센터','300(사회)','(1997년 기준) 사업체기초통계조사보고서',105,69,'1998','324.059-대16ㅅ-1997-달'),(320,'행정정보문고센터','300(사회)','(1997년 기준) 사업체기초통계조사보고서 = Report of the census on establishments',113,74,'1998','324.059-수54ㅅ-1997'),(321,'행정정보문고센터','300(사회)','(1997年 基準) 事業體基礎統計調査報告書 = REPORT ON THE CENSUS ON BASIC CHARACTERISTICS OF ESTABLISHMENTS',367,250,'1998','324.059-중16ㅅ-1997'),(322,'행정정보문고센터','300(사회)','(1997년 기준)사업체기초통계조사보고서. 1997',98,64,'1998','324.059-대16ㅅ-1997'),(323,'행정정보문고센터','300(사회)','(1997년 기준)사업체기초통계조사보고서. 1997',98,64,'1998','324.059-대16ㅅ-1997=2'),(324,'행정정보문고센터','300(사회)','(1997년 기준)사업체기초통계조사보고서. 1997',98,64,'1998','324.059-대16ㅅ-1997=3'),(325,'행정정보문고센터','300(사회)','(1997년 상반기) 사회통계조사보고서 : 정보와 통신·안전부문',317,210,'1997','331.911-통14ㅅ-1997-1'),(326,'행정정보문고센터','300(사회)','(1997년 시도별) 지역내총생산 = Gross provincial domestic product',315,210,'1999','321.811-통14ㅈ-1997'),(327,'행정정보문고센터','300(사회)','(1997年基準) 事業體基礎統計調査報告書 = REPORT ON THE CENSUS ON BASIC CHARACTERISTICS OF ESTABLISHMENTS',374,256,'1997','324.059-달54ㅅ-1997'),(328,'행정정보문고센터','300(사회)','(1997年基準) 事業體基礎統計調査報告書 = REPORT ON THE CENSUS ON BASIC CHARACTERISTICS OF ESTABLISHMENTS',369,252,'1998','324.059-남16ㅅ-1997'),(329,'행정정보문고센터','300(사회)','(1997年基準) 事業體基礎統計調査報告書 = REPORT ON THE CENSUS ON BASIC CHARACTERISTICS OF ESTABLISHMENTS',365,249,'1998','324.059-대16ㅅ-1997'),(330,'행정정보문고센터','300(사회)','(1997年基準) 事業體基礎統計調査報告書 = REPORT ON THE CENSUS ON BASIC CHARACTERISTICS OF ESTABLISHMENTS',370,253,'1998','324.059-동16ㅅ-1997'),(331,'행정정보문고센터','300(사회)','(1997年基準) 事業體基礎統計調査報告書, 全國篇',390,265,'1998','324.059-통14ㅅ-1997-1'),(332,'행정정보문고센터','500(기술)','(1997년도 1/4분기) 대구지역광공업활동동향',98,64,'1997','559.6059-대16ㄷ-1997-1-활'),(333,'행정정보문고센터','500(기술)','(1997년도 2/4분기) 대구지역광공업활동동향',98,64,'1997','559.6059-대16ㄷ-1997-2-활'),(334,'행정정보문고센터','500(기술)','(1997년도 3/4분기) 대구지역광공업활동동향',98,64,'1997','559.6059-대16ㄷ-1997-3-활'),(335,'행정정보문고센터','300(사회)','(1997년도) 주민등록인구통계',98,64,'1998','319.091184-대16ㅈ-1997'),(336,'행정정보문고센터','300(사회)','(1997年度) 地方自治團體 基金槪要',86,247,'1997','329.9-내36ㅈ-1997'),(337,'행정정보문고센터','300(사회)','(1997年度) 地方自治團體豫算槪要',362,247,'1997','329.92-내36ㅈ-1997'),(338,'행정정보문고센터','300(사회)','(1998) 區政白書',109,251,'1998','359.1184-대16ㄱ-1998-북'),(339,'행정정보문고센터','300(사회)','(1998) 區政硏鑽. 第9輯',382,260,'1998','359.1184-대16-9-남'),(340,'행정정보문고센터','300(사회)','(1998) 국제통계연감 = International Statistics Yearbook',315,210,'1998','310.59-통14ㄱ-1998'),(341,'행정정보문고센터','500(기술)','(1998) 産業總調査報告書 = Report on industrial census : 企業體篇',392,265,'1999','530.059-통14ㅅ-1998-4'),(342,'행정정보문고센터','500(기술)','(1998) 産業總調査報告書 = Report on industrial census : 其他篇',392,265,'1999','530.059-통14ㅅ-1998-3'),(343,'행정정보문고센터','500(기술)','(1998) 産業總調査報告書 = Report on industrial census : 全國篇',392,265,'1999','530.059-통14ㅅ-1998-2'),(344,'행정정보문고센터','500(기술)','(1998) 産業總調査報告書 = Report on industrial census : 地域篇',392,265,'1999','530.059-통14ㅅ-1998-1'),(345,'행정정보문고센터','300(사회)','(1998~2002) 新達西發展 5個年計劃 : 中期財政計劃',375,256,'1998','329.901184-대16ㅅ-1998-달'),(346,'행정정보문고센터','300(사회)','(1998년 기준) 사업체기초통계조사보고서',105,1,'1999','324.059-대16ㅅ-1998-달'),(347,'행정정보문고센터','300(사회)','(1998年 基準) 事業體基礎統計調査報告書',111,254,'1999','324.059-서16ㅅ-1998'),(348,'행정정보문고센터','300(사회)','(1998년 기준) 사업체기초통계조사보고서 = Report of the census on establishments',113,74,'1999','324.059-수54ㅅ-1998'),(349,'행정정보문고센터','300(사회)','(1998年 基準) 事業體基礎統計調査報告書 = REPORT ON THE CENSUS ON BASIC CHARACTERISTICS OF ESTABLISHMENTS',367,250,'1999','324.059-중16ㅅ-1998'),(350,'행정정보문고센터','300(사회)','(1998년 기준)사업체기초통계조사보고서. 1998',98,64,'1999','324.059-대16ㅅ-1998'),(351,'행정정보문고센터','600(예술)','(1998年~2001年) 文化財 修理報告書',366,249,'2005','601.5-대16ㅁ-1998-2001'),(352,'행정정보문고센터','300(사회)','(1998년기준 산업총조사용) 주요제품해설집 : 광업 및 제조업 부문. II-I',315,210,'1999','325.65-통14ㅈ-1998-2-1'),(353,'행정정보문고센터','300(사회)','(1998年基準) 事業體基礎統計調査報告書 = REPORT ON THE CENSUS ON BASIC CHARACTERISTICS OF ESTABLISHMENTS',374,256,'1998','324.059-달54ㅅ-1998'),(354,'행정정보문고센터','300(사회)','(1998年基準) 事業體基礎統計調査報告書 = REPORT ON THE CENSUS ON BASIC CHARACTERISTICS OF ESTABLISHMENTS',374,256,'1998','324.059-달54ㅅ-1998=2'),(355,'행정정보문고센터','300(사회)','(1998年基準) 事業體基礎統計調査報告書 = REPORT ON THE CENSUS ON BASIC CHARACTERISTICS OF ESTABLISHMENTS',369,252,'1999','324.059-남16ㅅ-1998'),(356,'행정정보문고센터','300(사회)','(1998年基準) 事業體基礎統計調査報告書 = REPORT ON THE CENSUS ON BASIC CHARACTERISTICS OF ESTABLISHMENTS',365,249,'1999','324.059-대16ㅅ-1998'),(357,'행정정보문고센터','300(사회)','(1998年基準) 事業體基礎統計調査報告書 = REPORT ON THE CENSUS ON BASIC CHARACTERISTICS OF ESTABLISHMENTS',370,253,'1999','324.059-동16ㅅ-1998'),(358,'행정정보문고센터','300(사회)','(1998年基準) 事業體基礎統計調査報告書 = REPORT ON THE CENSUS ON BASIC CHARACTERISTICS OF ESTABLISHMENTS',368,251,'1999','324.059-북16ㅅ-1998'),(359,'행정정보문고센터','300(사회)','(1998年基準) 事業體基礎統計調査報告書, 全國篇',390,265,'1999','324.059-통14ㅅ-1998-1'),(360,'행정정보문고센터','300(사회)','(1998년도) 주민등록인구통계',98,64,'1999','319.091184-대16ㅈ-1998'),(361,'행정정보문고센터','500(기술)','(1999) 鑛工業統計調査報告書 = Report on mining and manufacturing survey : 企業體篇',315,265,'2000','559.61059-통14ㄱ-1999-3'),(362,'행정정보문고센터','500(기술)','(1999) 鑛工業統計調査報告書 = Report on mining and manufacturing survey : 地域篇',315,265,'2000','559.61059-통14ㄱ-1999-1'),(363,'행정정보문고센터','500(기술)','(1999) 鑛工業統計調査報告書 = Report on mining and manufacturing survey : 地域篇',315,265,'2000','559.61059-통14ㄱ-1999-2'),(364,'행정정보문고센터','300(사회)','(1999) 전국주민등록인구통계 = Resident registration population : 1999.12.31 현재',315,210,'2000','319.0911-통14ㅈ-1999'),(365,'행정정보문고센터','300(사회)','(1999) 한국의 사회지표',317,210,'1999','331.911-통14ㅎ-1999'),(366,'행정정보문고센터','300(사회)','(1999.12.31 기준) 주민등록인구통계',98,64,'2000','319.091184-대16ㅈ-1999'),(367,'행정정보문고센터','300(사회)','(1999~2003) 新達西發展 5個年計劃 : 中期財政計劃',375,256,'1999','329.901184-대16ㅅ-1999-달'),(368,'행정정보문고센터','300(사회)','(1999년 가을) 통계분석연구. 제4권 제2호',318,210,'1999','310.16-통14ㅌ-4-2'),(369,'행정정보문고센터','300(사회)','(1999년 기준) 사업체기초통계조사보고서',105,69,'2000','324.059-대16ㅅ-1999-달'),(370,'행정정보문고센터','300(사회)','(1999年 基準) 事業體基礎統計調査報告書',111,254,'2000','324.059-서16ㅅ-1999'),(371,'행정정보문고센터','300(사회)','(1999년 기준) 사업체기초통계조사보고서 = Report of the census on establishments',113,74,'2000','324.059-수54ㅅ-1999'),(372,'행정정보문고센터','300(사회)','(1999年 基準) 事業體基礎統計調査報告書 = REPORT ON THE CENSUS ON BASIC CHARACTERISTICS OF ESTABLISHMENTS',367,250,'2000','324.059-중16ㅅ-1999'),(373,'행정정보문고센터','300(사회)','(1999년 기준)사업체기초통계조사보고서. 1999',98,64,'2000','324.059-대16ㅅ-1999'),(374,'행정정보문고센터','300(사회)','(1999년 기준)사업체기초통계조사보고서. 1999',98,64,'2000','324.059-대16ㅅ-1999=2'),(375,'행정정보문고센터','300(사회)','(1999년 시도별) 지역내총생산 및 지출 = Gross provincial domestic product',315,210,'2001','321.811-통14ㅈ-1999'),(376,'행정정보문고센터','500(기술)','(1999년) 농업기본통계조사보고서',315,210,'2000','520-통14ㄴ-1999'),(377,'행정정보문고센터','500(기술)','(1999년) 보건환경연구원보. 제10권',125,83,'1999','539.9-대16ㅂ-10'),(378,'행정정보문고센터','300(사회)','(1999년기준 광공업통계조사) 산업 및 품목분류표 : 광업 및 제조업 부문',314,210,'2000','323-통14ㅅ-1999'),(379,'행정정보문고센터','300(사회)','(1999年基準) 事業體基礎統計調査報告書 = REPORT ON THE CENSUS ON BASIC CHARACTERISTICS OF ESTABLISHMENTS',369,252,'2000','324.059-남16ㅅ-1999'),(380,'행정정보문고센터','300(사회)','(1999年基準) 事業體基礎統計調査報告書 = REPORT ON THE CENSUS ON BASIC CHARACTERISTICS OF ESTABLISHMENTS',374,256,'2000','324.059-달54ㅅ-1999=2'),(381,'행정정보문고센터','300(사회)','(1999年基準) 事業體基礎統計調査報告書 = REPORT ON THE CENSUS ON BASIC CHARACTERISTICS OF ESTABLISHMENTS',365,249,'2000','324.059-대16ㅅ-1999'),(382,'행정정보문고센터','300(사회)','(1999年基準) 事業體基礎統計調査報告書 = REPORT ON THE CENSUS ON BASIC CHARACTERISTICS OF ESTABLISHMENTS',370,253,'2000','324.059-동16ㅅ-1999'),(383,'행정정보문고센터','300(사회)','(1999年基準) 事業體基礎統計調査報告書 = REPORT ON THE CENSUS ON BASIC CHARACTERISTICS OF ESTABLISHMENTS',368,251,'2000','324.059-북16ㅅ-1999'),(384,'행정정보문고센터','300(사회)','(1999年基準) 事業體基礎統計調査報告書, 全國篇',390,265,'2000','324.059-통14ㅅ-1999-1'),(385,'행정정보문고센터','500(기술)','(1999년도 1/4분기) 대구지역광공업활동동향',98,64,'1999','559.6059-대16ㄷ-1999-1-활'),(386,'행정정보문고센터','500(기술)','(1999년도 3/4분기) 대구지역광공업활동동향',98,64,'1999','559.6059-대16ㄷ-1999-3-활'),(387,'행정정보문고센터','300(사회)','(1999년도) 규제개혁 백서',44,43,'2000','350.1-규74ㄱ-1999'),(388,'행정정보문고센터','300(사회)','(1999年度) 地方自治團體豫算編成基本指針',376,256,'1999','329.92-대16ㅈ-1999-달'),(389,'용산1동작은도서관','800(문학)','(19세기 조선 지식인의)생각 창고',355,91,'2008',''),(390,'행정정보문고센터','700(언어)','(1급)신공략 일본어 능력시험',251,61,'2005','730.76-이54ㅅ'),(391,'용산1동작은도서관','900(역사)','(1년 52주 고민없이 떠나는)똑똑한 여행책',219,155,'2008',''),(392,'학산작은도서관','300(사회)','(1년 안에 되파는) 토지투자의 기술',67,196,'2015','327.87-김65ㅌ'),(393,'이곡2동작은도서관','300(사회)','(1년 후, 5년 후 점점 더 나아질)우리 집 재테크를 부탁해',265,221,'2018',''),(394,'행정정보문고센터','800(문학)','(1등 미디어) 문과1등 이과1등 : 개성만점 1등들의 재능발견 학습만화. 1, 유튜브1등의 탄생',234,146,'2019','813.8-아66ㅁ-1'),(395,'행정정보문고센터','800(문학)','(1등 미디어) 문과1등 이과1등 : 개성만점 1등들의 재능발견 학습만화. 2, 드론1등의 비밀',309,146,'2019','813.8-아66ㅁ-2'),(396,'행정정보문고센터','800(문학)','(1등 미디어) 문과1등 이과1등 : 개성만점 1등들의 재능발견 학습만화. 3, 로봇아트1등의 선택',309,146,'2020','813.8-아66ㅁ-3'),(397,'이곡2동작은도서관','300(사회)','(1등 아이 만드는)맞춤공부',65,128,'2005',''),(398,'용산1동작은도서관','300(사회)','(1등하는 공부비법) 메모의 기술',168,53,'2017',''),(399,'장기동작은도서관','900(역사)','(1만 년 역사와 문화를 들려주는) 돌 이야기',271,108,'2010',''),(400,'용산1동작은도서관','500(기술)','(1미터로 만드는)아동복과 깜찍한 소',138,98,'2008',''),(401,'이곡2동작은도서관','900(역사)','(1박 2일)힐링 여행 : 마음이 아름다워지는 여유',200,134,'2013',''),(402,'이곡2동작은도서관','600(예술)','(1분)바디성형',313,165,'2006',''),(403,'장기동작은도서관','300(사회)','(1인당 책값 100만원)독서가 행복한 회사',25,7,'2008',''),(404,'이곡2동작은도서관','300(사회)','(1일 1계약을 반드시 성사시키는)억대 영업맨의 성공습관',326,20,'2004',''),(405,'장기동작은도서관','900(역사)','(1조원의 노벨재단을 설립한) 이종환 할아버지의 꿈',259,135,'2014',''),(406,'장기동작은도서관','300(사회)','(1평당 26조 원의 가치,) 검색 마케팅 이야기',78,49,'2008',''),(407,'이곡2동작은도서관','300(사회)','(1학년 교과서)낱말퍼즐',165,243,'2005',''),(408,'장기동작은도서관','300(사회)','(1학년) 교과서 속 전래동화 쏙쏙 뽑아 읽기 . [1]',194,216,'2011',''),(409,'용산1동작은도서관','300(사회)','(1학년) 교과서 속 전래동화 쏙쏙 뽑아 읽기 . [1]',194,216,'2012',''),(410,'이곡2동작은도서관','800(문학)','(1학년) 안데르센 동화',212,243,'2005',''),(411,'이곡2동작은도서관','800(문학)','(1학년) 이솝우화',255,243,'2004',''),(412,'행정정보문고센터','800(문학)','(1학년) 전래동화',145,215,'2013','813.5-마56ㅈ-3'),(413,'이곡2동작은도서관','800(문학)','(1학년) 창작동화',332,243,'2005',''),(414,'이곡2동작은도서관','800(문학)','(1학년)그림동화',45,243,'2004',''),(415,'이곡2동작은도서관','800(문학)','(1학년)동시읽기',160,51,'2005',''),(416,'이곡2동작은도서관','800(문학)','(1학년)동시읽기',160,51,'2005',''),(417,'행정정보문고센터','800(문학)','(1학년)동시읽기  : 1학년이 꼭 읽어야 할 동시 모음집',159,51,'2004','811.8-박26ㄷ'),(418,'이곡2동작은도서관','400(순수)','(1학년)수학동화',230,160,'2002',''),(419,'이곡2동작은도서관','300(사회)','(1학년을 웃긴)세계 전래 동화',222,243,'2006',''),(420,'이곡2동작은도서관','300(사회)','(1학년을 웃긴)세계 전래 동화',222,243,'2006',''),(421,'이곡2동작은도서관','800(문학)','(1학년을 위한) 동시',249,192,'2007',''),(422,'이곡2동작은도서관','800(문학)','(1학년을 위한)우수동시',74,160,'2005',''),(423,'장기동작은도서관','500(기술)','(1학년이 꼭 읽어야 할 교과서) 우리 몸',231,243,'2017',''),(424,'행정정보문고센터','800(문학)','(1학년이)꼭 읽어야 할 19가지 이야기',354,220,'2010','808.9-홍18ㄲ'),(425,'이곡2동작은도서관','800(문학)','(1학년이)소리내어 읽는 동화',162,25,'2003',''),(426,'이곡2동작은도서관','800(문학)','(1학년이)소리내어 읽는 동화',162,25,'2003',''),(427,'장기동작은도서관','500(기술)','(2,000원으로)집안 꾸미기',258,44,'2008',''),(428,'행정정보문고센터','000(총류)','(2000 기자가 본)100大 뉴스',338,229,'2000','070.4-한16ㅂ-2000'),(429,'행정정보문고센터','300(사회)','(2000 인구주택총조사) 성씨 및 본관 보고서. 3-1, 시도/시군구',315,210,'2003','319.0911-통14ㅅ-2000-3-1'),(430,'행정정보문고센터','300(사회)','(2000 인구주택총조사) 성씨 및 본관 보고서. 3-2, 시군구',315,210,'2003','319.0911-통14ㅅ-2000-3-2'),(431,'행정정보문고센터','300(사회)','(2000 인구주택총조사) 성씨 및 본관 보고서. 3-3, 시군구',315,210,'2003','319.0911-통14ㅅ-2000-3-3'),(432,'행정정보문고센터','500(기술)','(2000) 광공업통계조사보고서 = Report on mining and manufacturing survey : 기업체편',315,210,'2001','559.61059-통14ㄱ-2000'),(433,'행정정보문고센터','500(기술)','(2000) 광공업통계조사보고서 = Report on mining and manufacturing survey : 전국편',315,210,'2001','559.61059-통14ㄱ-2001-2'),(434,'행정정보문고센터','500(기술)','(2000) 광공업통계조사보고서 = Report on mining and manufacturing survey : 지역편',315,210,'2001','559.61059-통14ㄱ-2001-1'),(435,'행정정보문고센터','300(사회)','(2000) 區政硏鑽. 第11輯',382,260,'2000','359.1184-대16ㄱ-11-남'),(436,'행정정보문고센터','500(기술)','(2000) 농업총조사 분석보고서',315,1,'2001','520.25-통14ㄴ-2002'),(437,'행정정보문고센터','500(기술)','(2000) 농업총조사. 1, 전국편',314,210,'2002','520.25-통14ㄴ-2000-1'),(438,'행정정보문고센터','500(기술)','(2000) 농업총조사. 10, 경상북도',314,210,'2002','520.25-통14ㄴ-2000-10'),(439,'행정정보문고센터','500(기술)','(2000) 농업총조사. 10, 전라남도',314,210,'2002','520.25-통14ㄴ-2000-9'),(440,'행정정보문고센터','500(기술)','(2000) 농업총조사. 11, 경상남도',314,210,'2002','520.25-통14ㄴ-2000-11'),(441,'행정정보문고센터','500(기술)','(2000) 농업총조사. 2, 서울특별시, 부산광역시, 대구광역시, 제주도',314,210,'2002','520.25-통14ㄴ-2000-2'),(442,'행정정보문고센터','500(기술)','(2000) 농업총조사. 3, 인천광역시, 광주광역시, 대전광역시, 울산광역시',314,210,'2002','520.25-통14ㄴ-2000-3'),(443,'행정정보문고센터','500(기술)','(2000) 농업총조사. 4, 경기도',314,210,'2002','520.25-통14ㄴ-2000-4'),(444,'행정정보문고센터','500(기술)','(2000) 농업총조사. 5, 강원도',314,210,'2002','520.25-통14ㄴ-2000-5'),(445,'행정정보문고센터','500(기술)','(2000) 농업총조사. 6, 충청북도',314,210,'2002','520.25-통14ㄴ-2000-6'),(446,'행정정보문고센터','500(기술)','(2000) 농업총조사. 7, 충청남도',314,210,'2002','520.25-통14ㄴ-2000-7'),(447,'행정정보문고센터','500(기술)','(2000) 농업총조사. 8, 전라북도',314,210,'2002','520.25-통14ㄴ-2000-8'),(448,'행정정보문고센터','300(사회)','(2000) 雪害豫防綜合對策 : 2000. 12. 1 ~ 2001. 3. 15 期間中',114,75,'2001','350.831-대16ㅅ-2000'),(449,'행정정보문고센터','500(기술)','(2000) 어업총조사보고서. 2000-3-3, 내수면어업',315,210,'2002','529.025-통14ㅇ'),(450,'행정정보문고센터','300(사회)','(2000) 인구주택총조사 잠정보고서',314,210,'2001','319.0911-통14ㅇ-2000'),(451,'행정정보문고센터','300(사회)','(2000) 인구주택총조사보고서 = Population and housing census report. 1-1, 전국편; 인구',315,210,'2001','319.0911-통14ㅇ-00-1-1'),(452,'행정정보문고센터','300(사회)','(2000) 인구주택총조사보고서 = Population and housing census report. 1-2, 전국편; 가구',315,210,'2001','319.0911-통14ㅇ-00-1-2'),(453,'행정정보문고센터','300(사회)','(2000) 인구주택총조사보고서 = Population and housing census report. 1-3, 전국편; 주택',315,210,'2001','319.0911-통14ㅇ-00-1-3'),(454,'행정정보문고센터','300(사회)','(2000) 인구주택총조사보고서 = Population and housing census report. 2-1, 시·도편; 서울특별시',315,210,'2001','319.0911-통14ㅇ-00-2-1'),(455,'행정정보문고센터','300(사회)','(2000) 인구주택총조사보고서 = Population and housing census report. 2-10, 시·도편; 충청북도',315,210,'2001','319.0911-통14ㅇ-00-2-10'),(456,'행정정보문고센터','300(사회)','(2000) 인구주택총조사보고서 = Population and housing census report. 2-11, 시·도편; 충청남도',315,210,'2001','319.0911-통14ㅇ-00-2-11'),(457,'행정정보문고센터','300(사회)','(2000) 인구주택총조사보고서 = Population and housing census report. 2-12, 시·도편; 전라북도',315,210,'2001','319.0911-통14ㅇ-00-2-12'),(458,'행정정보문고센터','300(사회)','(2000) 인구주택총조사보고서 = Population and housing census report. 2-13, 시·도편; 전라남도',315,210,'2001','319.0911-통14ㅇ-00-2-13'),(459,'행정정보문고센터','300(사회)','(2000) 인구주택총조사보고서 = Population and housing census report. 2-14, 시·도편; 경상북도',315,210,'2001','319.0911-통14ㅇ-00-2-14'),(460,'행정정보문고센터','300(사회)','(2000) 인구주택총조사보고서 = Population and housing census report. 2-15, 시·도편; 경상남도',315,210,'2001','319.0911-통14ㅇ-00-2-15'),(461,'행정정보문고센터','300(사회)','(2000) 인구주택총조사보고서 = Population and housing census report. 2-16, 시·도편; 제주도',315,210,'2001','319.0911-통14ㅇ-00-2-16'),(462,'행정정보문고센터','300(사회)','(2000) 인구주택총조사보고서 = Population and housing census report. 2-2, 시·도편; 부산광역시',315,210,'2001','319.0911-통14ㅇ-00-2-2'),(463,'행정정보문고센터','300(사회)','(2000) 인구주택총조사보고서 = Population and housing census report. 2-3, 시·도편; 대구광역시',315,210,'2001','319.0911-통14ㅇ-00-2-3'),(464,'행정정보문고센터','300(사회)','(2000) 인구주택총조사보고서 = Population and housing census report. 2-4, 시·도편; 인천광역시',315,210,'2001','319.0911-통14ㅇ-00-2-4'),(465,'행정정보문고센터','300(사회)','(2000) 인구주택총조사보고서 = Population and housing census report. 2-5, 시·도편; 광주광역시',315,210,'2001','319.0911-통14ㅇ-00-2-5'),(466,'행정정보문고센터','300(사회)','(2000) 인구주택총조사보고서 = Population and housing census report. 2-6, 시·도편; 대전광역시',315,210,'2001','319.0911-통14ㅇ-00-2-6'),(467,'행정정보문고센터','300(사회)','(2000) 인구주택총조사보고서 = Population and housing census report. 2-7, 시·도편; 울산광역시',315,210,'2001','319.0911-통14ㅇ-00-2-7'),(468,'행정정보문고센터','300(사회)','(2000) 인구주택총조사보고서 = Population and housing census report. 2-8-1, 시·도편; 경기도',315,210,'2001','319.0911-통14ㅇ-00-2-8-1'),(469,'행정정보문고센터','300(사회)','(2000) 인구주택총조사보고서 = Population and housing census report. 2-8-2, 시·도편; 경기도',315,210,'2001','319.0911-통14ㅇ-00-2-8-2'),(470,'행정정보문고센터','300(사회)','(2000) 인구주택총조사보고서 = Population and housing census report. 2-9, 시·도편; 강원도',315,210,'2001','319.0911-통14ㅇ-00-2-9'),(471,'행정정보문고센터','300(사회)','(2000) 인구주택총조사보고서 = Population and housing census report. 3, 통근·통학',315,210,'2002','319.0911-통14ㅇ-00-3'),(472,'행정정보문고센터','300(사회)','(2000) 인구주택총조사보고서 = Population and housing census report. 4-1, 인구이동; 출생지 및 1년전 거주지',315,210,'2002','319.0911-통14ㅇ-00-4-1'),(473,'행정정보문고센터','300(사회)','(2000) 전국주민등록인구통계 = Resident registration population : 2000.12.31 기준',315,210,'2001','319.0911-통14ㅈ-2000'),(474,'행정정보문고센터','300(사회)','(2000) 조달연보',287,184,'2001','350.251059-조22ㅈ-2000'),(475,'행정정보문고센터','300(사회)','(2000) 중소기업 육성시책',98,64,'2000','324.3-대16ㅈ-2000'),(476,'행정정보문고센터','300(사회)','(2000. 12. 31 기준) 주민등록인구통계 보고서',117,64,'2001','319.091184-대16ㅈ-2000-2'),(477,'행정정보문고센터','300(사회)','(2000~2004) 新達西發展 5個年計劃 : 中期財政計劃',375,256,'2004','329.901184-대16ㅅ-2004-달'),(478,'행정정보문고센터','500(기술)','(2000年 基準) 鑛工業統計調査報告書 = Report on Mining Manufacturing Survey',96,64,'2002','559.6059-대16ㄱ-2000'),(479,'행정정보문고센터','300(사회)','(2000년 기준) 사업체기초통계조사보고서',105,69,'2001','324.059-대16ㅅ-2000-달'),(480,'행정정보문고센터','300(사회)','(2000년 기준) 사업체기초통계조사보고서 = Report of the census on establishments',113,74,'2001','324.059-수54ㅅ-2000'),(481,'행정정보문고센터','300(사회)','(2000년 기준) 사업체기초통계조사보고서 = Report on the census on basic characteristics of establishments (whole country)  : 전국편',314,210,'2001','324.059-통14ㅅ-2000'),(482,'행정정보문고센터','300(사회)','(2000년 시도별) 지역내총생산 및 지출 = Gross provincial domestic product',315,210,'2002','321.811-통14ㅈ-2000'),(483,'행정정보문고센터','300(사회)','(2000년기준) 사업체기초통계조사보고서 = REPORT ON THE CENSUS ON BASIC CHARACTERISTICS OF ESTABLISHMENTS',106,70,'2001','324.059-동16ㅅ-2000'),(484,'행정정보문고센터','300(사회)','(2000年基準) 事業體基礎統計調査報告書 = REPORT ON THE CENSUS ON BASIC CHARACTERISTICS OF ESTABLISHMENTS',369,252,'2001','324.059-남16ㅅ-2000'),(485,'행정정보문고센터','300(사회)','(2000年基準) 事業體基礎統計調査報告書 = REPORT ON THE CENSUS ON BASIC CHARACTERISTICS OF ESTABLISHMENTS',374,256,'2001','324.059-달54ㅅ-2000'),(486,'행정정보문고센터','300(사회)','(2000年基準) 事業體基礎統計調査報告書 = REPORT ON THE CENSUS ON BASIC CHARACTERISTICS OF ESTABLISHMENTS',374,256,'2001','324.059-달54ㅅ-2000=2'),(487,'행정정보문고센터','300(사회)','(2000年基準) 事業體基礎統計調査報告書 = REPORT ON THE CENSUS ON BASIC CHARACTERISTICS OF ESTABLISHMENTS',365,249,'2001','324.059-대16ㅅ-2000'),(488,'행정정보문고센터','300(사회)','(2000年基準) 事業體基礎統計調査報告書 = REPORT ON THE CENSUS ON BASIC CHARACTERISTICS OF ESTABLISHMENTS',368,251,'2001','324.059-북16ㅅ-2000'),(489,'행정정보문고센터','500(기술)','(2000년도 3/4분기) 대구지역광공업활동동향',98,64,'2000','559.6059-대16ㄷ-2000-3-활'),(490,'행정정보문고센터','300(사회)','(2000년도 정기총회)지방자치 논문집',280,180,'2000','359.1176-전16ㅈ'),(491,'행정정보문고센터','300(사회)','(2000년도) 정보공개 연차보고서',349,236,'2001','350.233-행74ㅈ-2000'),(492,'행정정보문고센터','300(사회)','(2000년도) 정책자료집',279,179,'2000','359.01-전16ㅈ'),(493,'행정정보문고센터','300(사회)','(2000년도) 행정심판재결례집 : 청구요건, 교육, 문화관광, 정보공개, 보훈 등',38,37,'2001','363.7-국36ㅎ-14-1'),(494,'용산1동작은도서관','500(기술)','(2000원으로) 샐러드 만들기',305,44,'2008',''),(495,'용산1동작은도서관','500(기술)','(2000원으로)캐릭터 밥상 차리기',95,44,'2008',''),(496,'행정정보문고센터','000(총류)','(2001 기자가 본)100大뉴스',337,229,'2001','070.4-한16ㅂ-2001'),(497,'행정정보문고센터','000(총류)','(2001 기자가 본)100大뉴스',337,229,'2001','070.4-한16ㅂ-2001=2'),(498,'행정정보문고센터','500(기술)','(2001) 광업·제조업통계조사보고서 = Report on mining and manufacturing survey : 기업체편',315,210,'2002','559.61059-통14ㄱ-2001'),(499,'행정정보문고센터','300(사회)','(2001) 국제통계연감 = International Statistics Yearbook',315,210,'2001','310.59-통14ㄱ-2001'),(500,'행정정보문고센터','300(사회)','(2001) 도·소매업 및 서비스업 총조사 보고서 = Report on the census of wholesale, retail trade and service industry : volume II region;Gwangju-gwangyeoksi. 1-1, 전국편; 도·소매업 및 숙박·음식점업',315,210,'2003','323.059-통14ㄷ-01-1-1'),(501,'행정정보문고센터','300(사회)','(2001) 도·소매업 및 서비스업 총조사 보고서 = Report on the census of wholesale, retail trade and service industry : volume II region;Gwangju-gwangyeoksi. 1-2, 전국편; 서비스업',315,210,'2003','323.059-통14ㄷ-01-1-2'),(502,'행정정보문고센터','300(사회)','(2001) 도·소매업 및 서비스업 총조사 보고서 = Report on the census of wholesale, retail trade and service industry : volume II region;Gwangju-gwangyeoksi. 1-3, 전국편; 서비스업',315,210,'2003','323.059-통14ㄷ-01-1-3'),(503,'행정정보문고센터','300(사회)','(2001) 도·소매업 및 서비스업 총조사 보고서 = Report on the census of wholesale, retail trade and service industry : volume II region;Gwangju-gwangyeoksi. 2-1, 지역편; 서울특별시',315,210,'2003','323.059-통14ㄷ-01-2-1'),(504,'행정정보문고센터','300(사회)','(2001) 도·소매업 및 서비스업 총조사 보고서 = Report on the census of wholesale, retail trade and service industry : volume II region;Gwangju-gwangyeoksi. 2-10, 지역편; 충청북도',315,1,'2003','323.059-통14ㄷ-01-2-10'),(505,'행정정보문고센터','300(사회)','(2001) 도·소매업 및 서비스업 총조사 보고서 = Report on the census of wholesale, retail trade and service industry : volume II region;Gwangju-gwangyeoksi. 2-11, 지역편; 충청남도',315,1,'2003','323.059-통14ㄷ-01-2-11'),(506,'행정정보문고센터','300(사회)','(2001) 도·소매업 및 서비스업 총조사 보고서 = Report on the census of wholesale, retail trade and service industry : volume II region;Gwangju-gwangyeoksi. 2-12, 지역편; 전라북도',315,210,'2003','323.059-통14ㄷ-01-2-12'),(507,'행정정보문고센터','300(사회)','(2001) 도·소매업 및 서비스업 총조사 보고서 = Report on the census of wholesale, retail trade and service industry : volume II region;Gwangju-gwangyeoksi. 2-13, 지역편; 전라남도',315,210,'2003','323.059-통14ㄷ-01-2-13'),(508,'행정정보문고센터','300(사회)','(2001) 도·소매업 및 서비스업 총조사 보고서 = Report on the census of wholesale, retail trade and service industry : volume II region;Gwangju-gwangyeoksi. 2-14, 지역편; 경상북도',315,210,'2003','323.059-통14ㄷ-01-2-14'),(509,'행정정보문고센터','300(사회)','(2001) 도·소매업 및 서비스업 총조사 보고서 = Report on the census of wholesale, retail trade and service industry : volume II region;Gwangju-gwangyeoksi. 2-15, 지역편; 경상남도',315,1,'2003','323.059-통14ㄷ-01-2-15'),(510,'행정정보문고센터','300(사회)','(2001) 도·소매업 및 서비스업 총조사 보고서 = Report on the census of wholesale, retail trade and service industry : volume II region;Gwangju-gwangyeoksi. 2-16, 지역편; 제주도',315,1,'2003','323.059-통14ㄷ-01-2-16'),(511,'행정정보문고센터','300(사회)','(2001) 도·소매업 및 서비스업 총조사 보고서 = Report on the census of wholesale, retail trade and service industry : volume II region;Gwangju-gwangyeoksi. 2-2, 지역편; 부산광역시',315,210,'2003','323.059-통14ㄷ-01-2-2'),(512,'행정정보문고센터','300(사회)','(2001) 도·소매업 및 서비스업 총조사 보고서 = Report on the census of wholesale, retail trade and service industry : volume II region;Gwangju-gwangyeoksi. 2-3, 지역편;대구광역시',315,210,'2003','323.059-통14ㄷ-01-2-3'),(513,'행정정보문고센터','300(사회)','(2001) 도·소매업 및 서비스업 총조사 보고서 = Report on the census of wholesale, retail trade and service industry : volume II region;Gwangju-gwangyeoksi. 2-4, 지역편; 인천광역시',315,210,'2003','323.059-통14ㄷ-01-2-4'),(514,'행정정보문고센터','300(사회)','(2001) 도·소매업 및 서비스업 총조사 보고서 = Report on the census of wholesale, retail trade and service industry : volume II region;Gwangju-gwangyeoksi. 2-5, 지역편; 광주광역시',315,210,'2003','323.059-통14ㄷ-01-2-5'),(515,'행정정보문고센터','300(사회)','(2001) 도·소매업 및 서비스업 총조사 보고서 = Report on the census of wholesale, retail trade and service industry : volume II region;Gwangju-gwangyeoksi. 2-6, 지역편; 대전광역시',315,1,'2003','323.059-통14ㄷ-01-2-6'),(516,'행정정보문고센터','300(사회)','(2001) 도·소매업 및 서비스업 총조사 보고서 = Report on the census of wholesale, retail trade and service industry : volume II region;Gwangju-gwangyeoksi. 2-7, 지역편; 울산광역시',315,1,'2003','323.059-통14ㄷ-01-2-7'),(517,'행정정보문고센터','300(사회)','(2001) 도·소매업 및 서비스업 총조사 보고서 = Report on the census of wholesale, retail trade and service industry : volume II region;Gwangju-gwangyeoksi. 2-8, 지역편; 경기도',315,1,'2003','323.059-통14ㄷ-01-2-8'),(518,'행정정보문고센터','300(사회)','(2001) 도·소매업 및 서비스업 총조사 보고서 = Report on the census of wholesale, retail trade and service industry : volume II region;Gwangju-gwangyeoksi. 2-9, 지역편; 강원도',315,1,'2003','323.059-통14ㄷ-01-2-9'),(519,'용산1동작은도서관','800(문학)','(2001) 스페이스 오디세이. 1',209,241,'2017',''),(520,'행정정보문고센터','300(사회)','(2001) 조달연보',287,184,'2002','350.251059-조22ㅈ-2001'),(521,'행정정보문고센터','300(사회)','(2001) 주택통계연감',99,65,'2001','335.8059-대16ㅈ-2001'),(522,'행정정보문고센터','300(사회)','(2001) 지역통계연보',317,210,'2001','311.1-통14ㅈ-2001'),(523,'행정정보문고센터','300(사회)','(2001) 행정자치부통계연보',346,236,'2001','350.2059-행74-2001'),(524,'행정정보문고센터','300(사회)','(2001.12.31 기준) 주민등록인구통계',98,64,'2002','319.091184-대16ㅈ-2001-2'),(525,'행정정보문고센터','300(사회)','(2001~2005) 新達西發展 5個年計劃 : 中期財政計劃',375,256,'2002','329.901184-대16ㅅ-2001-달'),(526,'행정정보문고센터','500(기술)','(2001년 기준) 광업·제조업통계조사보고서 = Report on Mining Manufacturing Survey',96,249,'2003','530.059-대16ㄱ-2001'),(527,'행정정보문고센터','300(사회)','(2001년 기준) 사업체기초통계조사보고서',105,69,'2002','324.059-대16ㅅ-2001-달'),(528,'행정정보문고센터','300(사회)','(2001년 기준) 사업체기초통계조사보고서',107,70,'2002','324.059-동16ㅅ-2001'),(529,'행정정보문고센터','300(사회)','(2001년 기준) 사업체기초통계조사보고서 = Report of the census on establishments',113,74,'2002','324.059-수54ㅅ-2001'),(530,'행정정보문고센터','300(사회)','(2001年 基準) 事業體基礎統計調査報告書 = REPORT ON THE CENSUS ON BASIC CHARACTERISTICS OF ESTABLISHMENTS',367,250,'2002','324.059-중16ㅅ-2001'),(531,'행정정보문고센터','300(사회)','(2001년 기준) 사업체기초통계조사보고서 = Report on the census on basic characteristics of establishments (whole country)  : 전국편',314,210,'2002','324.059-통14ㅅ-2001'),(532,'행정정보문고센터','300(사회)','(2001년 기준)사업체기초통계조사보고서. 2001',98,64,'2002','324.059-대16ㅅ-2001'),(533,'행정정보문고센터','300(사회)','(2001년 시도별) 지역내총생산 및 지출 = Gross provincial domestic product',315,210,'2003','321.811-통14ㅈ-2001'),(534,'행정정보문고센터','300(사회)','(2001년) 인구이동통계연보 : 주민등록에 의한 집계',314,210,'2002','319.8-통14ㅇ-2001'),(535,'행정정보문고센터','300(사회)','(2001년) 전국주민등록인구통계 = Resident registration population : 2001.12.31 기준',315,210,'2002','319.0911-통14ㅈ-2001'),(536,'행정정보문고센터','300(사회)','(2001年基準) 事業體基礎統計調査報告書 = REPORT ON THE CENSUS ON BASIC CHARACTERISTICS OF ESTABLISHMENTS',369,252,'2002','324.059-남16ㅅ-2001'),(537,'행정정보문고센터','300(사회)','(2001年基準) 事業體基礎統計調査報告書 = REPORT ON THE CENSUS ON BASIC CHARACTERISTICS OF ESTABLISHMENTS',374,256,'2002','324.059-달54ㅅ-2001'),(538,'행정정보문고센터','300(사회)','(2001年基準) 事業體基礎統計調査報告書 = REPORT ON THE CENSUS ON BASIC CHARACTERISTICS OF ESTABLISHMENTS',374,256,'2002','324.059-달54ㅅ-2001=2'),(539,'행정정보문고센터','300(사회)','(2001年基準) 事業體基礎統計調査報告書 = REPORT ON THE CENSUS ON BASIC CHARACTERISTICS OF ESTABLISHMENTS',365,249,'2002','324.059-대16ㅅ-2001'),(540,'행정정보문고센터','300(사회)','(2001年基準) 事業體基礎統計調査報告書 = REPORT ON THE CENSUS ON BASIC CHARACTERISTICS OF ESTABLISHMENTS',368,251,'2002','324.059-북16ㅅ-2001'),(541,'행정정보문고센터','300(사회)','(2001年基準)事業體基礎統計調査報告書',98,64,'2002','324.059-대16ㅅ-2001'),(542,'행정정보문고센터','300(사회)','(2001年基準)事業體基礎統計調査報告書',98,64,'2002','324.059-대16ㅅ-2001=2'),(543,'행정정보문고센터','300(사회)','(2001年度 上半期) 政府業務 評價結果 : 機關別報告書. 2',36,34,'2001','350.1-국36ㅈ-2001-1'),(544,'행정정보문고센터','500(기술)','(2001년도) 建設工事白書',117,64,'2001','532.8-대16ㄱ-2001-백'),(545,'행정정보문고센터','300(사회)','(2001년도) 정보공개 연차보고서',349,236,'2002','350.233-행74ㅈ-2001'),(546,'행정정보문고센터','300(사회)','(2001年度) 地域防災計劃',377,257,'2001','350.82-대16ㅈ-2000'),(547,'행정정보문고센터','300(사회)','(2001년도) 행정심판재결례집 : 제기요건, 정보공개, 경찰, 문화관광 등',38,37,'2001','363.7-국36ㅎ-15-1'),(548,'장기동작은도서관','600(예술)','(2002 FIFA 월드컵 대구대회)결과보고서',96,64,'2008',''),(549,'행정정보문고센터','600(예술)','(2002 FIFA 월드컵 한국/일본™)공식보고서',10,5,'2003','695.4-이83ㄱ'),(550,'행정정보문고센터','000(총류)','(2002 기자가 본)100大 뉴스',338,229,'2002','070.4-한16ㅂ-2002'),(551,'행정정보문고센터','500(기술)','(2002) 광공업통계조사보고서 = Report on mining and manufacturing survey : 전국편',315,210,'2003','559.61059-통14ㄱ-2002-2'),(552,'행정정보문고센터','500(기술)','(2002) 광업·제조업통계조사보고서 = Report on mining and manufacturing survey : 기업체편',315,210,'2003','559.61059-통14ㄱ-2002'),(553,'행정정보문고센터','500(기술)','(2002) 광업·제조업통계조사보고서 = Report on mining and manufacturing survey : 지역편',315,210,'2003','559.61059-통14ㄱ-2002-1'),(554,'행정정보문고센터','300(사회)','(2002) 區政硏鑽. 第13輯',382,260,'2002','359.1184-대16ㄱ-13-남'),(555,'행정정보문고센터','300(사회)','(2002) 국제통계연감 = International Statistics Yearbook',315,210,'2002','310.59-통14ㄱ-2002'),(556,'행정정보문고센터','300(사회)','(2002) 지방세정연감',98,64,'2002','329.94059-대16ㅈ-2002'),(557,'행정정보문고센터','300(사회)','(2002) 지역통계연보',317,210,'2002','311.1-통14ㅈ-2002'),(558,'행정정보문고센터','300(사회)','(2002) 통일백서',320,211,'2002','340.911-통68ㅌ-2002'),(559,'행정정보문고센터','300(사회)','(2002) 한국의 사회지표',317,210,'2002','331.911-통14ㅎ-2002'),(560,'행정정보문고센터','300(사회)','(2002) 행정자치부통계연보',346,236,'2002','350.2059-행74-2002'),(561,'행정정보문고센터','300(사회)','(2002.12.31 기준) 주민등록인구통계',98,64,'2003','319.091184-대16ㅈ-2002-2'),(562,'행정정보문고센터','300(사회)','(2002~2005) 부패방지 정보자료 총람',33,32,'2005','350.31-국12ㅂ'),(563,'행정정보문고센터','300(사회)','(2002~2006) 新達西發展 5個年計劃 : 中期財政計劃',375,256,'2002','329.901184-대16ㅅ-2002-달'),(564,'행정정보문고센터','500(기술)','(2002년 기준) 건설업통계조사보고서',315,210,'2003','530.059-통14ㄱ-2002'),(565,'행정정보문고센터','500(기술)','(2002년 기준) 광업·제조업통계조사보고서 = Report on Mining Manufacturing Survey',96,249,'2004','530.059-대16ㄱ-2002'),(566,'행정정보문고센터','300(사회)','(2002년 기준) 사업체기초통계조사보고서',105,69,'2003','324.059-대16ㅅ-2002-달'),(567,'행정정보문고센터','300(사회)','(2002년 기준) 사업체기초통계조사보고서',107,70,'2003','324.059-동16ㅅ-2002'),(568,'행정정보문고센터','300(사회)','(2002年 基準) 事業體基礎統計調査報告書 = REPORT ON THE CENSUS ON BASIC CHARACTERISTICS OF ESTABLISHMENTS',367,250,'2003','324.059-중16ㅅ-2002'),(569,'행정정보문고센터','300(사회)','(2002년 기준) 사업체기초통계조사보고서 = Report on the census on basic characteristics of establishments (whole country)  : 전국편',314,210,'2003','324.059-통14ㅅ-2002'),(570,'행정정보문고센터','300(사회)','(2002년 시도별) 지역내총생산 및 지출 = Gross provincial domestic product',315,210,'2004','321.811-통14ㅈ-2002'),(571,'행정정보문고센터','500(기술)','(2002년) 농업기본통계조사보고서',315,210,'2003','520-통14ㄴ-2002'),(572,'행정정보문고센터','600(예술)','(2002年) 文化財 修理報告書',366,249,'2006','601.5-대16ㅁ-2002'),(573,'행정정보문고센터','300(사회)','(2002년) 인구동태통계연보 : 총괄 출생 사망편. [1]',317,210,'2002','319.0911-통14ㅇ-2001-1'),(574,'행정정보문고센터','300(사회)','(2002년) 인구동태통계연보 : 혼인 이혼편. [2]',317,210,'2005','319.0911-통14ㅇ-2002-2'),(575,'행정정보문고센터','300(사회)','(2002년) 인구이동통계연보 : 주민등록에 의한 집계',314,210,'2003','319.8-통14ㅇ-2002'),(576,'행정정보문고센터','300(사회)','(2002년) 전국주민등록인구통계 = Resident registration population : 2002.12.31 기준',315,210,'2003','319.0911-통14ㅈ-2002'),(577,'행정정보문고센터','300(사회)','(2002년기준) 사업체기초통계조사보고서 = REPORT ON THE CENSUS ON BASIC CHARACTERISTICS OF ESTABLISHMENTS',96,64,'2003','324.059-대16ㅅ-2002'),(578,'행정정보문고센터','300(사회)','(2002年基準) 事業體基礎統計調査報告書 = REPORT ON THE CENSUS ON BASIC CHARACTERISTICS OF ESTABLISHMENTS',369,252,'2003','324.059-남16ㅅ-2002'),(579,'행정정보문고센터','300(사회)','(2002年基準) 事業體基礎統計調査報告書 = REPORT ON THE CENSUS ON BASIC CHARACTERISTICS OF ESTABLISHMENTS',374,256,'2003','324.059-달54ㅅ-2002'),(580,'행정정보문고센터','300(사회)','(2002年基準) 事業體基礎統計調査報告書 = REPORT ON THE CENSUS ON BASIC CHARACTERISTICS OF ESTABLISHMENTS',368,251,'2003','324.059-북16ㅅ-2002'),(581,'행정정보문고센터','500(기술)','(2002년도 3/4분기) 대구지역광공업활동동향',98,64,'2002','559.6059-대16ㄷ-2002-3-활'),(582,'행정정보문고센터','500(기술)','(2002년도 4/4분기) 대구지역광공업활동동향',98,64,'2003','559.6059-대16ㄷ-2002-4-활'),(583,'행정정보문고센터','300(사회)','(2002년도) 정보공개 연차보고서',346,236,'2003','350.1-행74ㅈ-2002'),(584,'행정정보문고센터','300(사회)','(2002年度) 地域防災計劃',377,257,'2001','350.82-대16ㅈ-2002'),(585,'행정정보문고센터','000(총류)','(2003 기자가 본)100大 뉴스',338,229,'2003','070.4-한16ㅂ-2003'),(586,'행정정보문고센터','600(예술)','(2003 대구)제22회하계유니버시아드대회 공식보고서',11,6,'2004','692.0696-이83ㅈ'),(587,'행정정보문고센터','600(예술)','(2003 대구)제22회하계유니버시아드대회 공식보고서',11,6,'2004','692.0696-이83ㅈ=2'),(588,'행정정보문고센터','300(사회)','(2003) 국제통계연감 = International Statistics Yearbook',315,210,'2003','310.59-통14ㄱ-2003'),(589,'행정정보문고센터','300(사회)','(2003) 大邱廣域市職制',366,249,'2003','359.02-대16ㄷ-2003'),(590,'행정정보문고센터','500(기술)','(2003) 물관리백서',37,36,'2003','539.1-국36ㅁ'),(591,'행정정보문고센터','500(기술)','(2003) 산업총조사 보고서 : 기업체편. 4-4',317,210,'2004','530.059-통14ㅅ-2003-4'),(592,'행정정보문고센터','500(기술)','(2003) 산업총조사 보고서 : 산업편-전국. 4-1',317,210,'2004','530.059-통14ㅅ-2003-1'),(593,'행정정보문고센터','500(기술)','(2003) 산업총조사 보고서 : 산업편-지역. 4-2',317,210,'2004','530.059-통14ㅅ-2003-2'),(594,'행정정보문고센터','500(기술)','(2003) 산업총조사 보고서 : 품목편. 4-3',317,210,'2004','530.059-통14ㅅ-2003-3'),(595,'행정정보문고센터','300(사회)','(2003) 시군구 주요통계 = Major Statistical by County',315,210,'2004','311.1-통14ㅅ-2003'),(596,'행정정보문고센터','300(사회)','(2003) 주택통계연감',99,65,'2003','335.8059-대16ㅈ-2003'),(597,'행정정보문고센터','300(사회)','(2003) 한국의 사회지표',317,210,'2003','331.911-통14ㅎ-2003'),(598,'행정정보문고센터','300(사회)','(2003) 행정자치통계연보',346,236,'2003','350.2059-행74ㅎ-2003'),(599,'행정정보문고센터','900(역사)','(2003)中國 비즈니스 총람 = China Business Superintendence. 上',136,92,'2003','912.08-동46ㅈ-1'),(600,'행정정보문고센터','900(역사)','(2003)中國 비즈니스 총람 = China Business Superintendence. 下',136,92,'2003','912.08-동46ㅈ-2'),(601,'행정정보문고센터','300(사회)','(2003.12.31 기준) 주민등록인구통계',98,64,'2004','319.091184-대16ㅈ-2003-2'),(602,'행정정보문고센터','300(사회)','(2003.6.30 기준) 주민등록인구통계',98,64,'2003','319.091184-대16ㅈ-2003-1'),(603,'행정정보문고센터','300(사회)','(2003~2005) 건설교통백서',21,21,'2006','350.261-건54ㄱ-2003-2005'),(604,'행정정보문고센터','300(사회)','(2003~2007) 新達西發展 5個年計劃 : 中期財政計劃',375,256,'2003','329.901184-대16ㅅ-2003-달'),(605,'행정정보문고센터','300(사회)','(2003년 기준) 사업체기초통계조사보고서',105,69,'2004','324.059-대16ㅅ-2003-달'),(606,'행정정보문고센터','300(사회)','(2003년 기준) 사업체기초통계조사보고서 = Report of the census on establishments',113,74,'2004','324.059-수54ㅅ-2003'),(607,'행정정보문고센터','300(사회)','(2003년 기준) 사업체기초통계조사보고서 = REPORT ON THE CENSUS ON BASIC CHARACTERISTICS OF ESTABLISHMENTS',115,76,'2004','324.059-중16ㅅ-2003'),(608,'행정정보문고센터','300(사회)','(2003년 기준) 사업체기초통계조사보고서 = Report on the census on basic characteristics of establishments (whole country)  : 전국편',314,210,'2004','324.059-통14ㅅ-2003'),(609,'행정정보문고센터','500(기술)','(2003년 기준) 산업총조사보고서',117,1,'2005','530.059-대16ㅅ-2003'),(610,'행정정보문고센터','300(사회)','(2003년 시도별) 지역내총생산 및 지출 = Gross provincial domestic product',315,210,'2005','321.811-통14ㅈ-2003'),(611,'행정정보문고센터','300(사회)','(2003년) 인구동태통계연보 : 총괄 출생 사망편. [1]',317,210,'2005','319.0911-통14ㅇ-2003-1'),(612,'행정정보문고센터','300(사회)','(2003년) 인구이동통계연보 : 주민등록에 의한 집계',314,210,'2004','319.8-통14ㅇ-2003'),(613,'행정정보문고센터','300(사회)','(2003년) 전국주민등록인구통계 = Resident registration population : 2003.12.31 기준',315,210,'2004','319.0911-통14ㅈ-2003'),(614,'행정정보문고센터','300(사회)','(2003년기준) 사업체기초통계조사보고서 = REPORT ON THE CENSUS ON BASIC CHARACTERISTICS OF ESTABLISHMENTS',96,64,'2004','324.059-대16ㅅ-2003'),(615,'행정정보문고센터','300(사회)','(2003年基準) 事業體基礎統計調査報告書 = REPORT ON THE CENSUS ON BASIC CHARACTERISTICS OF ESTABLISHMENTS',369,252,'2004','324.059-남16ㅅ-2003'),(616,'행정정보문고센터','300(사회)','(2003年基準) 事業體基礎統計調査報告書 = REPORT ON THE CENSUS ON BASIC CHARACTERISTICS OF ESTABLISHMENTS',374,256,'2004','324.059-달54ㅅ-2003'),(617,'행정정보문고센터','300(사회)','(2003年基準) 事業體基礎統計調査報告書 = REPORT ON THE CENSUS ON BASIC CHARACTERISTICS OF ESTABLISHMENTS',372,254,'2004','324.059-서16ㅅ-2003'),(618,'행정정보문고센터','500(기술)','(2003년도) 建設工事白書',117,64,'2003','532.8-대16ㄱ-2003-백'),(619,'행정정보문고센터','300(사회)','(2003년도) 정보공개 연차보고서',346,236,'2004','350.1-행74ㅈ-2003'),(620,'행정정보문고센터','000(총류)','(2004 기자가 본)100大 뉴스',338,229,'2004','070.4-한16ㅂ-2004'),(621,'행정정보문고센터','500(기술)','(2004) 광업·제조업 통계조사 보고서 : 기업체편. 4-4',317,210,'2005','530.059-통14ㄱ-2004-4'),(622,'행정정보문고센터','500(기술)','(2004) 광업·제조업 통계조사 보고서 : 산업편-전국. 4-1',317,210,'2005','530.059-통14ㄱ-2004-1'),(623,'행정정보문고센터','500(기술)','(2004) 광업·제조업 통계조사 보고서 : 산업편-지역. 4-2',317,210,'2005','530.059-통14ㄱ-2004-2'),(624,'행정정보문고센터','500(기술)','(2004) 광업·제조업 통계조사 보고서 : 품목편. 4-3',317,210,'2005','530.059-통14ㄱ-2004-3'),(625,'행정정보문고센터','300(사회)','(2004) 국제통계연감 = International Statistics Yearbook',315,210,'2004','310.59-통14ㄱ-2004'),(626,'행정정보문고센터','300(사회)','(2004) 주택통계연감',99,65,'2004','335.8059-대16ㅈ-2004'),(627,'행정정보문고센터','500(기술)','(2004) 질병관리백서',301,198,'2005','517.6-질44ㅈ-2004'),(628,'행정정보문고센터','300(사회)','(2004) 한국의 사회지표',317,210,'2004','331.911-통14ㅎ-2004'),(629,'행정정보문고센터','300(사회)','(2004.12. 31 기준) 주민등록인구통계',98,64,'2005','319.091184-대16ㅈ-2004-2'),(630,'행정정보문고센터','300(사회)','(2004.6.30 기준) 주민등록인구통계',98,64,'2004','319.091184-대16ㅈ-2004-1'),(631,'행정정보문고센터','000(총류)','(2004·2005) 국립대구박물관 年報',34,33,'2005','069.059-국298ㄱ-2005'),(632,'행정정보문고센터','300(사회)','(2004-2005) 신행정수도 후속대책 백서',352,237,'2005','322.11-행74ㅅ'),(633,'행정정보문고센터','500(기술)','(2004년 기준) 광업·제조업통계조사보고서 = Report on Mining Manufacturing Survey',96,249,'2006','530.059-대16ㄱ-2004'),(634,'행정정보문고센터','300(사회)','(2004년 기준) 사업체기초통계조사보고서',105,69,'2005','324.059-대16ㅅ-2004-달'),(635,'행정정보문고센터','300(사회)','(2004년 기준) 사업체기초통계조사보고서',107,70,'2005','324.059-동16ㅅ-2004'),(636,'행정정보문고센터','300(사회)','(2004년 기준) 사업체기초통계조사보고서 = Report of the census on establishments',113,74,'2005','324.059-수54ㅅ-2004'),(637,'행정정보문고센터','300(사회)','(2004년 기준) 사업체기초통계조사보고서 = Report on the census on basic characteristics of establishments (whole country)  : 전국편',314,210,'2005','324.059-통14ㅅ-2004'),(638,'행정정보문고센터','300(사회)','(2004년 시도별) 지역내총생산 및 지출 = Gross provincial domestic product',315,210,'2006','321.811-통14ㅈ-2004'),(639,'행정정보문고센터','300(사회)','(2004년) 인구동태통계연보 : 총괄 출생 사망편. [1]',317,210,'2005','319.0911-통14ㅇ-2004-1'),(640,'행정정보문고센터','300(사회)','(2004년) 인구동태통계연보 : 혼인 이혼편. [2]',317,210,'2005','319.0911-통14ㅇ-2004-2'),(641,'행정정보문고센터','300(사회)','(2004년) 인구이동통계연보 : 주민등록에 의한 집계',314,210,'2005','319.8-통14ㅇ-2004'),(642,'행정정보문고센터','300(사회)','(2004년) 전국주민등록인구통계 = Resident registration population : 2004.12.31 기준',315,210,'2005','319.0911-통14ㅈ-2004'),(643,'행정정보문고센터','300(사회)','(2004년기준) 사업체기초통계조사보고서 = REPORT ON THE CENSUS ON BASIC CHARACTERISTICS OF ESTABLISHMENTS',96,64,'2005','324.059-대16ㅅ-2004'),(644,'행정정보문고센터','300(사회)','(2004年基準) 事業體基礎統計調査報告書 = REPORT ON THE CENSUS ON BASIC CHARACTERISTICS OF ESTABLISHMENTS',369,252,'2005','324.059-남16ㅅ-2004'),(645,'행정정보문고센터','300(사회)','(2004年基準) 事業體基礎統計調査報告書 = REPORT ON THE CENSUS ON BASIC CHARACTERISTICS OF ESTABLISHMENTS',374,256,'2005','324.059-달54ㅅ-2004'),(646,'행정정보문고센터','300(사회)','(2004年基準) 事業體基礎統計調査報告書 = REPORT ON THE CENSUS ON BASIC CHARACTERISTICS OF ESTABLISHMENTS',368,251,'2005','324.059-북16ㅅ-2004'),(647,'행정정보문고센터','300(사회)','(2005 과학기술부) 혁신백서',27,27,'2005','350.283-과92ㅎ'),(648,'행정정보문고센터','000(총류)','(2005 기자가 본)100大뉴스',336,228,'2005','070.4-한16ㅂ-2005'),(649,'학산작은도서관','800(문학)','(2005 제19회 소월시문학상) 아무르 강가에서 외',170,110,'2005','811.6-박74ㅇ'),(650,'행정정보문고센터','300(사회)','(2005) 감사연보. 2005',14,18,'2006','350.126059-감52ㄱ-2005'),(651,'행정정보문고센터','500(기술)','(2005) 광업·제조업 통계조사 보고서 : 기업체편. 4-4',317,210,'2006','530.059-통14ㄱ-2005-4'),(652,'행정정보문고센터','500(기술)','(2005) 광업·제조업 통계조사 보고서 : 산업편-전국. 4-1',317,210,'2006','530.059-통14ㄱ-2005-1'),(653,'행정정보문고센터','500(기술)','(2005) 광업·제조업 통계조사 보고서 : 산업편-지역. 4-2',317,210,'2006','530.059-통14ㄱ-2005-2'),(654,'행정정보문고센터','500(기술)','(2005) 광업·제조업 통계조사 보고서 : 품목편. 4-3',317,210,'2006','530.059-통14ㄱ-2005-3'),(655,'행정정보문고센터','500(기술)','(2005) 농업총조사 : 전국편(2-1) , 농가',314,1,'2006','520.25-통14ㄴ-2005-1'),(656,'행정정보문고센터','500(기술)','(2005) 농업총조사 : 전국편(2-2) , 농가인구·작물·가축',314,1,'2006','520.25-통14ㄴ-2005-2'),(657,'행정정보문고센터','300(사회)','(2005) 인구주택총조사보고서 = Population and housing census report : 전수조사결과. 1, 인구편',315,210,'2006','319.0911-통14ㅇ-05-1'),(658,'행정정보문고센터','300(사회)','(2005) 인구주택총조사보고서 = Population and housing census report : 전수조사결과. 2, 가구편',315,210,'2006','319.0911-통14ㅇ-05-2'),(659,'행정정보문고센터','300(사회)','(2005) 인구주택총조사보고서 = Population and housing census report : 전수조사결과. 3, 주택편',315,210,'2006','319.0911-통14ㅇ-05-3'),(660,'행정정보문고센터','300(사회)','(2005) 인구주택총조사보고서 = Population and housing census report : 전수조사결과. 4-1, 시·도편; 서울특별시',315,210,'2006','319.0911-통14ㅇ-05-4-1'),(661,'행정정보문고센터','300(사회)','(2005) 인구주택총조사보고서 = Population and housing census report : 전수조사결과. 4-10, 시·도편; 충청북도',315,210,'2006','319.0911-통14ㅇ-05-4-10'),(662,'행정정보문고센터','300(사회)','(2005) 인구주택총조사보고서 = Population and housing census report : 전수조사결과. 4-11, 시·도편; 충청남도',315,210,'2006','319.0911-통14ㅇ-05-4-11'),(663,'행정정보문고센터','300(사회)','(2005) 인구주택총조사보고서 = Population and housing census report : 전수조사결과. 4-12, 시·도편; 전라북도',315,210,'2006','319.0911-통14ㅇ-05-4-12'),(664,'행정정보문고센터','300(사회)','(2005) 인구주택총조사보고서 = Population and housing census report : 전수조사결과. 4-13, 시·도편; 전라남도',315,210,'2006','319.0911-통14ㅇ-05-4-13'),(665,'행정정보문고센터','300(사회)','(2005) 인구주택총조사보고서 = Population and housing census report : 전수조사결과. 4-14, 시·도편; 경상북도',315,210,'2006','319.0911-통14ㅇ-05-4-14'),(666,'행정정보문고센터','300(사회)','(2005) 인구주택총조사보고서 = Population and housing census report : 전수조사결과. 4-15, 시·도편; 경상남도',315,210,'2006','319.0911-통14ㅇ-05-4-15'),(667,'행정정보문고센터','300(사회)','(2005) 인구주택총조사보고서 = Population and housing census report : 전수조사결과. 4-16, 시·도편; 제주도',315,210,'2006','319.0911-통14ㅇ-05-4-16'),(668,'행정정보문고센터','300(사회)','(2005) 인구주택총조사보고서 = Population and housing census report : 전수조사결과. 4-2, 시·도편; 부산광역시',315,210,'2006','319.0911-통14ㅇ-05-4-2'),(669,'행정정보문고센터','300(사회)','(2005) 인구주택총조사보고서 = Population and housing census report : 전수조사결과. 4-3, 시·도편; 대구광역시',315,210,'2006','319.0911-통14ㅇ-05-4-3'),(670,'행정정보문고센터','300(사회)','(2005) 인구주택총조사보고서 = Population and housing census report : 전수조사결과. 4-4, 시·도편; 인천광역시',315,210,'2006','319.0911-통14ㅇ-05-4-4'),(671,'행정정보문고센터','300(사회)','(2005) 인구주택총조사보고서 = Population and housing census report : 전수조사결과. 4-5, 시·도편; 광주광역시',315,210,'2006','319.0911-통14ㅇ-05-4-5'),(672,'행정정보문고센터','300(사회)','(2005) 인구주택총조사보고서 = Population and housing census report : 전수조사결과. 4-6, 시·도편; 대전광역시',315,210,'2006','319.0911-통14ㅇ-05-4-6'),(673,'행정정보문고센터','300(사회)','(2005) 인구주택총조사보고서 = Population and housing census report : 전수조사결과. 4-7, 시·도편; 울산광역시',315,210,'2006','319.0911-통14ㅇ-05-4-7'),(674,'행정정보문고센터','300(사회)','(2005) 인구주택총조사보고서 = Population and housing census report : 전수조사결과. 4-8-1, 시·도편; 경기도',315,210,'2006','319.0911-통14ㅇ-05-4-8-1'),(675,'행정정보문고센터','300(사회)','(2005) 인구주택총조사보고서 = Population and housing census report : 전수조사결과. 4-8-2, 시·도편; 경기도',315,210,'2006','319.0911-통14ㅇ-05-4-8-2'),(676,'행정정보문고센터','300(사회)','(2005) 인구주택총조사보고서 = Population and housing census report : 전수조사결과. 4-9, 시·도편; 강원도',315,1,'2006','319.0911-통14ㅇ-05-4-9'),(677,'행정정보문고센터','300(사회)','(2005) 인구주택총조사보고서 = Population and housing census report : 표본조사결과. 10, 고령자',315,210,'2007','319.0911-통14ㅇ-05-10'),(678,'행정정보문고센터','300(사회)','(2005) 인구주택총조사보고서 = Population and housing census report : 표본조사결과. 11, 여성·아동',315,210,'2007','319.0911-통14ㅇ-05-11'),(679,'행정정보문고센터','300(사회)','(2005) 인구주택총조사보고서 = Population and housing census report : 표본조사결과. 12, 1인 가구',315,1,'2007','319.0911-통14ㅇ-05-12'),(680,'행정정보문고센터','300(사회)','(2005) 인구주택총조사보고서 = Population and housing census report : 표본조사결과. 5, 통근·통학',315,210,'2007','319.0911-통14ㅇ-05-5'),(681,'행정정보문고센터','300(사회)','(2005) 인구주택총조사보고서 = Population and housing census report : 표본조사결과. 6, 인구이동',315,210,'2007','319.0911-통14ㅇ-05-6'),(682,'행정정보문고센터','300(사회)','(2005) 인구주택총조사보고서 = Population and housing census report : 표본조사결과. 7-1, 경제활동; 취업상태',315,210,'2007','319.0911-통14ㅇ-05-7-1'),(683,'행정정보문고센터','300(사회)','(2005) 인구주택총조사보고서 = Population and housing census report : 표본조사결과. 7-2, 경제활동; 산업·직업',315,210,'2007','319.0911-통14ㅇ-05-7-2'),(684,'행정정보문고센터','300(사회)','(2005) 인구주택총조사보고서 = Population and housing census report : 표본조사결과. 8, 주거; 임차료',315,210,'2007','319.0911-통14ㅇ-05-8-2-2'),(685,'행정정보문고센터','300(사회)','(2005) 인구주택총조사보고서 = Population and housing census report : 표본조사결과. 8, 주거; 주거실태',315,210,'2007','319.0911-통14ㅇ-05-8-2-1'),(686,'행정정보문고센터','300(사회)','(2005) 인구주택총조사보고서 = Population and housing census report : 표본조사결과. 9, 활동제약',315,210,'2007','319.0911-통14ㅇ-05-9'),(687,'행정정보문고센터','500(기술)','(2005) 임업총조사보고서 : 전국편',314,210,'2006-임','526.025-통14ㅇ-2005'),(688,'행정정보문고센터','300(사회)','(2005) 주택통계연감',99,65,'2005','335.8059-대16ㅈ-2005'),(689,'행정정보문고센터','300(사회)','(2005) 청렴백서 = 2005 annual report',32,32,'2006','350.31-국12ㅊ-2005'),(690,'행정정보문고센터','300(사회)','(2005) 혁신사례집',116,76,'2008','359.01'),(691,'행정정보문고센터','500(기술)','(2005)광업.제조업 통계조사 보고서.Ⅳ-Ⅰ',317,210,'2008','530.059'),(692,'행정정보문고센터','500(기술)','(2005)광업.제조업 통계조사 보고서.Ⅳ-Ⅱ',317,210,'2008','530.059'),(693,'행정정보문고센터','500(기술)','(2005)광업.제조업 통계조사 보고서.Ⅳ-Ⅲ',317,210,'2008','530.059'),(694,'행정정보문고센터','500(기술)','(2005)광업.제조업 통계조사 보고서.Ⅳ-Ⅳ',317,210,'2008','530.059'),(695,'행정정보문고센터','300(사회)','(2005)남북한 경제사회상 비교',317,210,'2008','320.911'),(696,'행정정보문고센터','500(기술)','(2005)농업총조사보고서.2-1',317,210,'2008','520.25통'),(697,'행정정보문고센터','500(기술)','(2005)농업총조사보고서.2-2',317,210,'2008','520.25통'),(698,'이곡2동작은도서관','800(문학)','(2005)신춘문예 당선 시집',59,111,'2005',''),(699,'이곡2동작은도서관','800(문학)','(2005)이 땅을 빛낸 문인들',359,203,'2005',''),(700,'행정정보문고센터','300(사회)','(2005)인구주택총조사보고서.1',317,210,'2008','319.0911'),(701,'행정정보문고센터','300(사회)','(2005)인구주택총조사보고서.2',317,210,'2008','319.0911'),(702,'행정정보문고센터','300(사회)','(2005)인구주택총조사보고서.3',317,210,'2008','319.0911'),(703,'행정정보문고센터','300(사회)','(2005)인구주택총조사보고서.4',317,210,'2008','319.0911'),(704,'행정정보문고센터','300(사회)','(2005)인구주택총조사보고서.4',317,210,'2008','319.0911'),(705,'행정정보문고센터','300(사회)','(2005)인구주택총조사보고서.4',317,210,'2008','319.0911'),(706,'행정정보문고센터','300(사회)','(2005)인구주택총조사보고서.4',317,210,'2008','319.0911'),(707,'행정정보문고센터','300(사회)','(2005)인구주택총조사보고서.4',317,210,'2008','319.0911'),(708,'행정정보문고센터','300(사회)','(2005)인구주택총조사보고서.4',317,210,'2008','319.0911'),(709,'행정정보문고센터','300(사회)','(2005)인구주택총조사보고서.4',317,210,'2008','319.0911'),(710,'행정정보문고센터','300(사회)','(2005)인구주택총조사보고서.4',317,210,'2008','319.0911'),(711,'행정정보문고센터','300(사회)','(2005)인구주택총조사보고서.4',317,210,'2008','319.0911'),(712,'행정정보문고센터','300(사회)','(2005)인구주택총조사보고서.4',317,210,'2008','319.0911'),(713,'행정정보문고센터','300(사회)','(2005)인구주택총조사보고서.4',317,210,'2008','319.0911'),(714,'행정정보문고센터','300(사회)','(2005)인구주택총조사보고서.4',317,210,'2008','319.0911'),(715,'행정정보문고센터','300(사회)','(2005)인구주택총조사보고서.4',317,210,'2008','319.0911'),(716,'행정정보문고센터','300(사회)','(2005)인구주택총조사보고서.4',317,210,'2008','319.0911'),(717,'행정정보문고센터','300(사회)','(2005)인구주택총조사보고서.4',317,210,'2008','319.0911'),(718,'행정정보문고센터','300(사회)','(2005)인구주택총조사보고서.4',317,210,'2008','319.0911'),(719,'행정정보문고센터','300(사회)','(2005)인구주택총조사보고서.4',317,210,'2008','319.0911'),(720,'행정정보문고센터','500(기술)','(2005)임업총조사보고서',317,210,'2008','526.025'),(721,'행정정보문고센터','300(사회)','(2005.12.31 기준) 주민등록인구통계',98,64,'2006','319.091184-대16ㅈ-2005-2'),(722,'행정정보문고센터','300(사회)','(2005.6.30 기준) 주민등록인구통계',98,64,'2005','319.091184-대16ㅈ-2005-1'),(723,'행정정보문고센터','300(사회)','(2005~2030)시도별 장래인구추계',317,210,'2008','319.0911'),(724,'행정정보문고센터','300(사회)','(2005-2030) 시도별 장래인구 추계 = Population projections by province : 2005~2030',315,1,'2007','319.0911-통14ㅅ'),(725,'행정정보문고센터','300(사회)','(2005년 7월부터) 이렇게 달라집니다',277,178,'2005','350.251-재74ㅇ'),(726,'행정정보문고센터','500(기술)','(2005년 기준) 광업·제조업 통계조사보고서 = Report on Mining Manufacturing Survey',117,64,'2007','530.059-대16ㄱ-2005'),(727,'행정정보문고센터','500(기술)','(2005년 기준) 광업·제조업통계조사보고서 = Report on Mining Manufacturing Survey',96,249,'2007','530.059-대16ㄱ-2005'),(728,'행정정보문고센터','300(사회)','(2005년 기준) 사업체기초통계조사보고서',111,72,'2006','324.059-서16ㅅ-2005'),(729,'행정정보문고센터','300(사회)','(2005년 기준) 사업체기초통계조사보고서',107,70,'2007','324.059-동16ㅅ-2005'),(730,'행정정보문고센터','300(사회)','(2005년 기준) 사업체기초통계조사보고서 = Report on the census on basic characteristics of establishments (whole country)  : 전국편',314,210,'2006','324.059-통14ㅅ-2005'),(731,'행정정보문고센터','300(사회)','(2005년 기준)사업체기초통계조사보고서. 2005',98,64,'2006','324.059-대16ㅅ-2005'),(732,'행정정보문고센터','300(사회)','(2005년 기준)사업체기초통계조사보고서.2005',128,76,'2008','324.059'),(733,'행정정보문고센터','300(사회)','(2005년 기준)사업체기초통계조사보고서.2005',119,77,'2008','324.059'),(734,'행정정보문고센터','300(사회)','(2005년 기준)사업체기초통계조사보고서.2005',187,138,'2008','324.059'),(735,'행정정보문고센터','300(사회)','(2005년 기준)사업체기초통계조사보고서.2005',118,64,'2008','324.059'),(736,'행정정보문고센터','300(사회)','(2005년 기준)사업체기초통계조사보고서.2005',122,80,'2008','324.059'),(737,'행정정보문고센터','300(사회)','(2005년 기준)사업체기초통계조사보고서.2005',127,85,'2008','324.059'),(738,'행정정보문고센터','300(사회)','(2005년 기준)사업체기초통계조사보고서.2006',126,84,'2008','324.059'),(739,'행정정보문고센터','300(사회)','(2005년 시도별) 지역내총생산 및 지출 = Gross provincial domestic product',315,210,'2007','321.811-통14ㅈ-2005'),(740,'행정정보문고센터','300(사회)','(2005년 시도별)지역내총생산 및 지출',317,210,'2008','321.12통'),(741,'행정정보문고센터','300(사회)','(2005년) 인구동태통계연보 : 총괄 출생 사망편. [1]',317,210,'2006','319.0911-통14ㅇ-2005-1'),(742,'행정정보문고센터','300(사회)','(2005년) 인구동태통계연보 : 혼인 이혼편. [2]',317,210,'2006','319.0911-통14ㅇ-2005-2'),(743,'행정정보문고센터','300(사회)','(2005년) 인구이동통계연보 : 주민등록에 의한 집계',314,210,'2006','319.8-통14ㅇ-2005'),(744,'행정정보문고센터','300(사회)','(2005년) 전국주민등록인구통계 = Resident registration population : 2005.12.31 기준',315,210,'2006','319.0911-통14ㅈ-2005'),(745,'행정정보문고센터','300(사회)','(2005년)인구동태통계연보',317,210,'2008','319.091'),(746,'행정정보문고센터','300(사회)','(2005년기준) 사업체기초통계조사보고서 = REPORT ON THE CENSUS ON BASIC CHARACTERISTICS OF ESTABLISHMENTS',96,64,'2006','324.059-대16ㅅ-2005'),(747,'행정정보문고센터','300(사회)','(2005年基準) 事業體基礎統計調査報告書 = REPORT ON THE CENSUS ON BASIC CHARACTERISTICS OF ESTABLISHMENTS',369,252,'2006','324.059-남16ㅅ-2005'),(748,'행정정보문고센터','300(사회)','(2005年基準) 事業體基礎統計調査報告書 = REPORT ON THE CENSUS ON BASIC CHARACTERISTICS OF ESTABLISHMENTS',368,251,'2006','324.059-북16ㅅ-2005'),(749,'이곡2동작은도서관','300(사회)','(2005년도 개정세법에 의한)세무회계',84,90,'2005',''),(750,'이곡2동작은도서관','800(문학)','(2005년도 제19회)소월시문학상 작품집',169,110,'2004',''),(751,'이곡2동작은도서관','800(문학)','(2005년도 제19회)소월시문학상 작품집',169,110,'2004',''),(752,'이곡2동작은도서관','800(문학)','(2005년도 제29회)이상문학상 작품집',327,110,'2005',''),(753,'행정정보문고센터','300(사회)','(2005년도) 규제개혁 백서 : 기업에게는 활력을 국민에게는 편의를',44,43,'2006','350.1-규74ㄱ-2005'),(754,'행정정보문고센터','300(사회)','(2005년도) 우수시책 모음집',103,66,'2008','359.01'),(755,'행정정보문고센터','300(사회)','(2005년도) 우수시책 모음집',104,66,'[2005]','359.1184-대16ㅇ-2005-우'),(756,'이곡2동작은도서관','300(사회)','(2005년판 편람식)세법전',193,139,'2005',''),(757,'용산1동작은도서관','800(문학)','(2006 TV 드라마)신인상 수상작품집',329,140,'2008',''),(758,'행정정보문고센터','000(총류)','(2006 기자가 본)100大 뉴스',338,229,'2006','070.4-한16ㅂ-2006'),(759,'행정정보문고센터','000(총류)','(2006 기자가 본)100大 뉴스',338,229,'2006','070.4-한16ㅂ-2006'),(760,'학산작은도서관','800(문학)','(2006 제20회 소월시문학상) 시간의 동공 외',174,109,'2005','811.6-박76ㅅ'),(761,'학산작은도서관','800(문학)','(2006 제20회 소월시문학상) 시간의 동공 외',174,109,'2005','811.6-박76ㅅ=2'),(762,'이곡2동작은도서관','000(총류)','(2006 취업.면접.승진대비)최근시사상식',203,131,'2005',''),(763,'행정정보문고센터','500(기술)','(2006) 광업·제조업 통계조사 보고서 : 기업체편. 4-4',317,210,'2007','530.059-통14ㄱ-2006-4'),(764,'행정정보문고센터','500(기술)','(2006) 광업·제조업 통계조사 보고서 : 산업편-전국. 4-1',317,210,'2007','530.059-통14ㄱ-2006-1'),(765,'행정정보문고센터','500(기술)','(2006) 광업·제조업 통계조사 보고서 : 산업편-지역. 4-2',317,210,'2007','530.059-통14ㄱ-2006-2'),(766,'행정정보문고센터','500(기술)','(2006) 광업·제조업 통계조사 보고서 : 품목편. 4-3',317,210,'2007','530.059-통14ㄱ-2006-3'),(767,'행정정보문고센터','300(사회)','(2006) 구정현황',4,4,'2006','359.1184-수54ㄱ-2006'),(768,'행정정보문고센터','300(사회)','(2006) 규제개혁기획단 백서',35,35,'2006','350.1-국36ㄱ-2006'),(769,'행정정보문고센터','500(기술)','(2006) 도시계획현황',22,21,'2007','539.7-건54ㄷ-2006'),(770,'행정정보문고센터','500(기술)','(2006) 식품의약품안전백서',206,144,'2006','517.58-식896ㅅ-2006'),(771,'행정정보문고센터','300(사회)','(2006) 전자정부사업 연차보고서',350,236,'2006','350.027-행74ㅈ'),(772,'행정정보문고센터','300(사회)','(2006) 조달연보',287,184,'2007','350.251059-조22ㅈ-2006'),(773,'행정정보문고센터','300(사회)','(2006) 주택통계연감',99,65,'2006','335.8059-대16ㅈ-2006'),(774,'장기동작은도서관','800(문학)','(2006)미당문학상수상작품집.6',81,191,'2008',''),(775,'이곡2동작은도서관','300(사회)','(2006)新 경제용어사전 = Dictionary of economics',267,89,'2005',''),(776,'행정정보문고센터','300(사회)','(2006)전자정부사업 연차보고서',349,236,'2008','350.027'),(777,'행정정보문고센터','300(사회)','(2006)전자정부사업 연차보고서',349,236,'2008','350.027'),(778,'행정정보문고센터','300(사회)','(2006.12.31 기준) 주민등록인구통계',98,64,'2007','319.091184-대16ㅈ-2006-2'),(779,'행정정보문고센터','300(사회)','(2006.12.31기준)주민등록인구통계.2006',129,64,'2008','319.0911'),(780,'행정정보문고센터','300(사회)','(2006.12.31기준)주민등록인구통계.2006',129,64,'2008','319.0911'),(781,'행정정보문고센터','300(사회)','(2006.6.30 기준) 주민등록인구통계',98,64,'2006','319.091184-대16ㅈ-2006-1'),(782,'행정정보문고센터','300(사회)','(2006.6.30 기준)주민등록인구통계.2006',129,64,'2008','319.0911'),(783,'행정정보문고센터','500(기술)','(2006년 기준) 광업·제조업통계조사보고서 = Report on Mining Manufacturing Survey',96,249,'2008','530.059-대16ㄱ-2006'),(784,'행정정보문고센터','300(사회)','(2006년 기준) 사업체기초통계조사보고서',105,69,'2007','324.059-대16ㅅ-2006-달'),(785,'행정정보문고센터','300(사회)','(2006년 기준) 사업체기초통계조사보고서',111,72,'2007','324.059-서16ㅅ-2006'),(786,'행정정보문고센터','300(사회)','(2006년 기준) 사업체기초통계조사보고서',107,70,'2008','324.059-동16ㅅ-2006'),(787,'행정정보문고센터','300(사회)','(2006년 기준) 사업체기초통계조사보고서 = Report of the census on establishments',113,74,'2007','324.059-수54ㅅ-2006'),(788,'행정정보문고센터','300(사회)','(2006년 기준) 사업체기초통계조사보고서 = Report on the census on basic characteristics of establishments (whole country)  : 전국편',314,210,'2007','324.059-통14ㅅ-2006'),(789,'행정정보문고센터','300(사회)','(2006년 기준)사업체기초통계조사보고서. 2006',98,64,'2007','324.059-대16ㅅ-2006'),(790,'행정정보문고센터','300(사회)','(2006년) 인구동태통계연보 : 총괄 출생 사망편. [1]',317,210,'2007','319.0911-통14ㅇ-2006-1'),(791,'행정정보문고센터','300(사회)','(2006년) 인구동태통계연보 : 혼인 이혼편. [2]',317,210,'2007','319.0911-통14ㅇ-2006-2'),(792,'행정정보문고센터','300(사회)','(2006년) 인구이동통계연보 : 주민등록에 의한 집계',314,210,'2007','319.8-통14ㅇ-2006'),(793,'행정정보문고센터','300(사회)','(2006년) 전국주민등록인구통계 = Resident registration population : 2006.12.31 기준',315,210,'2007','319.0911-통14ㅈ-2006'),(794,'행정정보문고센터','300(사회)','(2006년)인구동태통계연보',317,210,'2008','319.0911'),(795,'행정정보문고센터','300(사회)','(2006년)전국주민등록인구통계.2006',317,210,'2008','319.0911'),(796,'행정정보문고센터','300(사회)','(2006년기준) 사업체기초통계조사보고서 = REPORT ON THE CENSUS ON BASIC CHARACTERISTICS OF ESTABLISHMENTS',96,64,'2007','324.059-대16ㅅ-2006'),(797,'행정정보문고센터','300(사회)','(2006年基準) 事業體基礎統計調査報告書 = REPORT ON THE CENSUS ON BASIC CHARACTERISTICS OF ESTABLISHMENTS',369,252,'2007','324.059-남16ㅅ-2006'),(798,'행정정보문고센터','300(사회)','(2006年基準) 事業體基礎統計調査報告書 = REPORT ON THE CENSUS ON BASIC CHARACTERISTICS OF ESTABLISHMENTS',368,251,'2007','324.059-북16ㅅ-2006'),(799,'이곡2동작은도서관','800(문학)','(2006년도 제20회)소월시 문학상 작품집',173,109,'2005',''),(800,'이곡2동작은도서관','800(문학)','(2006년도 제20회)소월시 문학상 작품집',173,109,'2005',''),(801,'용산1동작은도서관','800(문학)','(2006년도 제20회)소월시 문학상 작품집',172,110,'2008',''),(802,'행정정보문고센터','300(사회)','(2006년도) 규제개혁 백서 : 기업에게는 활력을 국민에게는 편의를',44,43,'2007','350.1-규74ㄱ-2006'),(803,'행정정보문고센터','300(사회)','(2006년도) 지방행정구역요람',347,236,'2006','359.02-행74ㅈ-2006'),(804,'이곡2동작은도서관','000(총류)','(2007 대비)e-시사 일반상식',201,141,'2006',''),(805,'용산1동작은도서관','000(총류)','(2007 열공)워드프로세서 1급 실기',151,167,'2008',''),(806,'용산1동작은도서관','000(총류)','(2007 열공)워드프로세서 2급 실기',214,167,'2008',''),(807,'용산1동작은도서관','000(총류)','(2007 열공)워드프로세서 3급 실기',16,167,'2008',''),(808,'용산1동작은도서관','800(문학)','(2007 올해의)문제소설',340,214,'2008',''),(809,'용산1동작은도서관','000(총류)','(2007 지존)컴퓨터활용능력 3급 필기 특별대비',236,157,'2008',''),(810,'용산1동작은도서관','000(총류)','(2007 취업.면접.승진대비)최근시사상식',203,131,'2008',''),(811,'행정정보문고센터','300(사회)','(2007) 정부혁신공모전 수상작품집 : 에세이&UCC Innovation',241,236,'2007','350.1-이15ㅈ'),(812,'행정정보문고센터','300(사회)','(2007) 제안 혁신과제 모음',300,197,'2008','359.01'),(813,'행정정보문고센터','300(사회)','(2007) 조달연보',287,184,'2008','350.251059-조22ㅈ-2007'),(814,'행정정보문고센터','300(사회)','(2007) 주택통계연감',99,65,'2007','335.8059-대16ㅈ-2007'),(815,'행정정보문고센터','300(사회)','(2007) 행정혁신 우수사례집',269,174,'2008','359.01'),(816,'행정정보문고센터','300(사회)','(2007) 혁신 투어',180,124,'2008','359.01'),(817,'행정정보문고센터','500(기술)','(2007)노인 안 검진 및 개안수술사업 보고서  = Korea foundation for the prevention of blindness',331,225,'2008','515.739-한16ㄴ'),(818,'용산1동작은도서관','800(문학)','(2007)신춘문예 당선 시집',58,111,'2008',''),(819,'행정정보문고센터','300(사회)','(2007.6.30 기준) 주민등록인구통계',98,64,'2007','319.091184-대16ㅈ-2007-1'),(820,'행정정보문고센터','300(사회)','(2007.6.30 기준)주민등록인구통계.2007',129,64,'2008','319.0911'),(821,'행정정보문고센터','300(사회)','(2007.6.30 기준)주민등록인구통계.2007',129,64,'2008','319.0911'),(822,'행정정보문고센터','300(사회)','(2007년 기준) 사업체기초통계조사보고서',111,72,'2008','324.059-서16ㅅ-2007'),(823,'행정정보문고센터','300(사회)','(2007년 기준) 사업체기초통계조사보고서',107,70,'2009','324.059-동16ㅅ-2007'),(824,'행정정보문고센터','300(사회)','(2007년 기준) 사업체기초통계조사보고서 = Report of the census on establishments',113,74,'2008','324.059-수54ㅅ-2007'),(825,'행정정보문고센터','300(사회)','(2007년 기준) 사업체조사보고서',105,69,'2008','324.059-대16ㅅ-2007-달'),(826,'행정정보문고센터','300(사회)','(2007년 기준) 사업체조사보고서 = REPORT ON THE CENSUS ON ESTABLISHMENTS',115,76,'2008','324.059-중16ㅅ-2007'),(827,'행정정보문고센터','300(사회)','(2007년 기준)사업체기초통계조사보고서. 2007',98,64,'2008','324.059-대16ㅅ-2007'),(828,'행정정보문고센터','300(사회)','(2007년) 기업윤리 : 윤리경영의 이론과 실제',263,246,'2008','324.019-이74ㄱ'),(829,'행정정보문고센터','300(사회)','(2007년) 기업윤리 : 윤리경영의 이론과 실제',263,246,'2008','324.019-이74ㄱ=2'),(830,'행정정보문고센터','300(사회)','(2007년) 혁신설계사가 완성시킨 고객감동',270,175,'2008','359.01'),(831,'행정정보문고센터','300(사회)','(2007년기준) 사업체기초통계조사보고서 = REPORT ON THE CENSUS ON BASIC CHARACTERISTICS OF ESTABLISHMENTS',96,64,'2008','324.059-대16ㅅ-2007'),(832,'행정정보문고센터','300(사회)','(2007年基準) 事業體基礎統計調査報告書 = REPORT ON THE CENSUS ON BASIC CHARACTERISTICS OF ESTABLISHMENTS',369,252,'2008','324.059-남16ㅅ-2007'),(833,'행정정보문고센터','300(사회)','(2007年基準) 事業體調査報告書 = REPORT ON THE CENSUS ON ESTABLISHMENTS',368,251,'2008','324.059-북16ㅅ-2007'),(834,'행정정보문고센터','300(사회)','(2007년도) 국가균형발전시행계획',31,31,'2007','322.11-국122-2007'),(835,'행정정보문고센터','500(기술)','(2007년도) 식품의약품통계연보 = Food & drug statistical yearbook',206,143,'2007','517.059-식896ㅅ-2007'),(836,'행정정보문고센터','300(사회)','(2007년도)청렴백서',40,40,'2008','350.31-국38ㅊ'),(837,'이곡2동작은도서관','000(총류)','(2007대비)키포인트 일반상식',273,219,'2006',''),(838,'용산1동작은도서관','000(총류)','(2007집중공략) 컴퓨터 활용능력 3급실기',342,8,'2008',''),(839,'용산1동작은도서관','000(총류)','(2008 시나공)컴퓨터활용능력 2급 실기',53,49,'2008',''),(840,'이곡2동작은도서관','000(총류)','(2008 시나공)컴퓨터활용능력 2급 필기',51,49,'2008',''),(841,'행정정보문고센터','800(문학)','(2008 올해의 추리소설) 수양대군 살인사건',335,239,'2008','813.6-한16ㅅ'),(842,'용산1동작은도서관','800(문학)','(2008 올해의)문제소설',340,214,'2008',''),(843,'행정정보문고센터','300(사회)','(2008 창의·실용) 행정사례집',297,189,'2008','350.1-중62ㅎ'),(844,'행정정보문고센터','000(총류)','(2008) 도서관보. 제29호',123,81,'2008','026.3-대16ㄷ-29'),(845,'행정정보문고센터','500(기술)','(2008) 상수도통계 = STATISTICS OF WATER WORKS. 상',357,240,'2009','539.1059-환14ㅅ-2008-1'),(846,'행정정보문고센터','500(기술)','(2008) 상수도통계 = STATISTICS OF WATER WORKS. 하',357,240,'2009','539.1059-환14ㅅ-2008-2'),(847,'행정정보문고센터','300(사회)','(2008) 조달연보',287,184,'2009','350.251059-조22ㅈ-2008'),(848,'행정정보문고센터','300(사회)','(2008) 지역별고용조사 보고서',314,210,'2009','336.22-통14ㅈ-2008'),(849,'행정정보문고센터','300(사회)','(2008) 한국도시연감',351,235,'2008','359.0059-행74ㅎ-2008'),(850,'행정정보문고센터','500(기술)','(2008)상수도통계 . 2008-상',357,240,'2009','539.1025-환14ㅅ-2008-상'),(851,'행정정보문고센터','500(기술)','(2008년 기준) 광업·제조업통계조사보고서 = Report on Mining Manufacturing Survey',96,249,'2010','530.059-대16ㄱ-2008'),(852,'행정정보문고센터','300(사회)','(2008년 기준) 사업체기초통계조사보고서',111,72,'2009','324.059-서16ㅅ-2008'),(853,'행정정보문고센터','300(사회)','(2008년 기준) 사업체기초통계조사보고서',107,70,'2010','324.059-동16ㅅ-2008'),(854,'행정정보문고센터','300(사회)','(2008년 기준) 사업체조사보고서 = REPORT ON THE CENSUS ON ESTABLISHMENTS',115,76,'2009','324.059-중16ㅅ-2008'),(855,'행정정보문고센터','300(사회)','(2008년 기준)사업체기초통계조사보고서. 2008',98,64,'2009','324.059-대16ㅅ-2008'),(856,'행정정보문고센터','300(사회)','(2008년기준) 사업체기초통계조사보고서 = REPORT ON THE CENSUS ON BASIC CHARACTERISTICS OF ESTABLISHMENTS',96,64,'2009','324.059-대16ㅅ-2008'),(857,'행정정보문고센터','300(사회)','(2008年基準) 事業體基礎統計調査報告書 = REPORT ON THE CENSUS ON BASIC CHARACTERISTICS OF ESTABLISHMENTS',369,252,'2009','324.059-남16ㅅ-2008'),(858,'이곡2동작은도서관','000(총류)','(2009 시나공 기출문제) 컴퓨터활용능력 2급 실기',50,49,'2008',''),(859,'이곡2동작은도서관','000(총류)','(2009 시나공) 워드프로세서 1급 필기 : 2·3급 포함',51,49,'2008',''),(860,'이곡2동작은도서관','000(총류)','(2009 시나공) 정보처리기사 필기 : 2009년 특별판',52,49,'2008',''),(861,'이곡2동작은도서관','000(총류)','(2009 시나공) 정보처리산업기사 필기',52,49,'2008',''),(862,'이곡2동작은도서관','000(총류)','(2009 시나공) 컴퓨터활용능력 1급 실기 : 엑셀, 액세스 2000·2002·2003 공용',48,49,'2008',''),(863,'이곡2동작은도서관','000(총류)','(2009 시나공) 컴퓨터활용능력 1급 필기 : 2·3급 포함',49,49,'2008',''),(864,'용산1동작은도서관','800(문학)','(2009 올해의)문제소설',340,214,'2009',''),(865,'행정정보문고센터','300(사회)','(2009) 구정백서, 2015',110,71,'2009','359.1184-대16ㄱ-2009'),(866,'행정정보문고센터','300(사회)','(2009) 국토해양통계연보 = Statistical Yearbook of Mltm : 교통·물류, 물류, 도로, 철도, 해운, 항공. 2',42,42,'2009','350.26-국885ㄱ-2'),(867,'행정정보문고센터','300(사회)','(2009) 국토해양통계연보 = Statistical Yearbook of Mltm : 일반통계,국토,도시,토지·주택,건설산업·기술,수자원,해양. 1',42,42,'2009','350.26-국885ㄱ-1'),(868,'행정정보문고센터','900(역사)','(2009) 김천 기네스 : 김천시 승격 60주년 기념',79,50,'2009','911.83-김83ㄱ'),(869,'행정정보문고센터','500(기술)','(2009) 식품의약품안전백서',206,144,'2009','517.58-식896ㅅ-2009'),(870,'행정정보문고센터','300(사회)','(2009) 연차보고서',15,19,'2010','350.219-감52ㅇ-2009'),(871,'행정정보문고센터','800(문학)','(2009) 젊은 소설',72,107,'2009','813.6-문92ㅈ'),(872,'행정정보문고센터','300(사회)','(2009) 통일백서',320,211,'2009','340.911-통68ㅌ-2009'),(873,'행정정보문고센터','900(역사)','(2009)동북지방 기획통계 . 2009',137,93,'2009','912.5-동46ㄷ-2009'),(874,'장기동작은도서관','800(문학)','(2009)신춘문예 당선시집',17,111,'2009',''),(875,'용산1동작은도서관','800(문학)','(2009)젊은 소설',73,107,'2009',''),(876,'행정정보문고센터','300(사회)','(2009)통일백서 . 2009',319,211,'2009','340.911-통68ㅌ-2009'),(877,'행정정보문고센터','300(사회)','(2009.12.31 기준) 주민등록인구통계',98,64,'2009','319.091184-대16ㅈ-2009-2'),(878,'이곡2동작은도서관','100(철학)','(200가지 고민에 대한) 마법의 명언 : 걱정인형처럼 내 고민을 털어놓는 책',252,15,'2021',''),(879,'행정정보문고센터','300(사회)','(2010 알아두면 유익한) 지방세 안내',112,73,'2010','329.94-대16ㅈ-2010'),(880,'장기동작은도서관','000(총류)','(2010 이기적in) 정보기기운용기능사 필기 : 필기 기본서',77,157,'2010',''),(881,'행정정보문고센터','900(역사)','(2010) 國寶·寶物 지정보고서',152,112,'2013','911.0025-문95ㄱ-2010'),(882,'행정정보문고센터','000(총류)','(2010) 도서관보. 제31호',123,81,'2010','026.3-대16ㄷ-31'),(883,'용산1동작은도서관','800(문학)','(2010) 스페이스 오디세이. 2',210,241,'2017',''),(884,'행정정보문고센터','300(사회)','(2010) 주택통계연감',99,65,'2007','335.8059-대16ㅈ-2010'),(885,'이곡2동작은도서관','300(사회)','(2010~2050)비즈니스 미래력 = (The)future dictionary of business plan : 한발 앞선 통찰과 준비를 위한 사전',18,102,'2009',''),(886,'행정정보문고센터','300(사회)','(2010년 기준) 사업체조사보고서',105,69,'2011','324.059-대16ㅅ-2010-달'),(887,'행정정보문고센터','300(사회)','(2010년 기준) 사업체조사보고서(잠정)',98,64,'2011','324.059-대16ㅅ-2010'),(888,'행정정보문고센터','900(역사)','(2011) 國寶·寶物 지정보고서',152,112,'2013','911.0025-문95ㄱ-2011'),(889,'행정정보문고센터','300(사회)','(2011) 대구의 사회지표 = Social indicators of Daegu',100,64,'2012','331.91184-대16ㄷ-2011'),(890,'용산1동작은도서관','800(문학)','(2012 한국작가회의 시조분과가 선정한) 좋은 시조',167,201,'2012',''),(891,'행정정보문고센터','300(사회)','(2012) 대구의 사회지표 = Social indicators of Daegu',98,64,'2013','331.91184-대16ㄷ-2012'),(892,'행정정보문고센터','300(사회)','(2012) 실전 재테크 시나리오 : 한 권으로 끝내는 실속형 경제 전망서',184,103,'2011','327.04-서18ㅅ'),(893,'행정정보문고센터','300(사회)','(2012) 한국도시통계',356,236,'2013','311.1-행74ㅎ-2012'),(894,'이곡2동작은도서관','600(예술)','(2012)루브르 박물관展 = Exposition du Musee du Louvre 2012',281,195,'2012',''),(895,'장기동작은도서관','800(문학)','(2012)젊은수필',55,107,'2012',''),(896,'행정정보문고센터','300(사회)','(2012.12.31 기준) 주민등록인구통계',98,64,'2013','319.091184-대16ㅈ-2012-2'),(897,'행정정보문고센터','300(사회)','(2012.6.30 기준) 주민등록인구통계',98,64,'2012','319.091184-대16ㅈ-2012-1'),(898,'행정정보문고센터','500(기술)','(2012년 기준) 광업·제조업 통계조사보고서 = Report on Mining Manufacturing Survey',117,64,'2014','530.059-대16ㄱ-2012'),(899,'행정정보문고센터','500(기술)','(2012년 기준) 광업·제조업통계조사보고서 = Report on Mining Manufacturing Survey',96,249,'2014','530.059-대16ㄱ-2012'),(900,'행정정보문고센터','300(사회)','(2012년 기준) 사업체 조사 보고서 = Report on the Census on Establishments. 2012',108,78,'2014','324.059-대16ㅅ-2012-동'),(901,'행정정보문고센터','300(사회)','(2012년 기준) 사업체조사보고서',105,69,'2013','324.059-대16ㅅ-2012-달'),(902,'행정정보문고센터','300(사회)','(2012년 기준) 사업체조사보고서',98,64,'2014','324.059-대16ㅅ-2012'),(903,'행정정보문고센터','300(사회)','(2012년 기준) 사업체조사보고서',107,70,'2014','324.059-동16ㅅ-2012'),(904,'행정정보문고센터','300(사회)','(2012년 기준) 사업체조사보고서 = REPORT ON THE CENSUS ON ESTABLISHMENTS',102,66,'2013','324.059-남16ㅅ-2012'),(905,'행정정보문고센터','300(사회)','(2012년기준) 사업체조사보고서 = REPORT OF THE CENSUS ON BASIC CHARACTERISTICS OF ESTABLISHMENTS. 2012',3,69,'2013','324.059-대16ㅅ-달성-2012'),(906,'행정정보문고센터','300(사회)','(2012년도 구·군단위)지역내총생산. 2012',101,64,'2012','321.82-대16ㅈ-2012'),(907,'행정정보문고센터','300(사회)','(2013 제18회) 영천시 통계연보. 제18회',226,158,'2014','311.185-영84ㅇ-18'),(908,'행정정보문고센터','800(문학)','(2013 제28회 소월시문학상) 북천-까마귀',239,109,'2013','811.6-유95ㅂ'),(909,'학산작은도서관','800(문학)','(2013 제28회 소월시문학상) 북천-까마귀',239,109,'2013','811.6-유95ㅂ'),(910,'행정정보문고센터','300(사회)','(2013 제49회) 창녕군 통계연보',304,199,'2014','311.187059-창194ㅊ-49'),(911,'행정정보문고센터','300(사회)','(2013) 대구의 사회지표 = Social indicators of Daegu',98,64,'2014','331.91184-대16ㄷ-2013'),(912,'행정정보문고센터','300(사회)','(2013) 한국도시통계',356,236,'2014','311.1-행74ㅎ-2013'),(913,'행정정보문고센터','500(기술)','(2013)광업·제조업조사 보고서',98,64,'2015','530.059-대16ㄱ'),(914,'행정정보문고센터','900(역사)','(2013)한국인물사전. 상권 , 한국인물(ㄱ~ㅅ)',224,154,'2014','991.1-연92ㅎ-1'),(915,'행정정보문고센터','900(역사)','(2013)한국인물사전. 하권 , 한국인물(ㅇ~ㅎ), 재외동포인물, 북한인물',224,154,'2014','991.1-연92ㅎ-2'),(916,'행정정보문고센터','300(사회)','(2013.12.31 기준) 주민등록인구통계',98,64,'2014','319.091184-대16ㅈ-2013-2'),(917,'행정정보문고센터','500(기술)','(2013년 기준)사업체조사보고서',158,67,'2014','530.059-민66ㅅ'),(918,'행정정보문고센터','300(사회)','(2013년 기준)사업체조사보고서  = Report on the Census on Establishments. 2013',121,79,'2015','324.059-대16ㅅ-2013'),(919,'행정정보문고센터','300(사회)','(2013년 전국 청소년) 세금 문예작품 공모전 입상작 모음집',41,41,'2013','329.4004-국54ㅅ-2013'),(920,'용산1동작은도서관','600(예술)','(2014 2015) 골프 룰 이것만 알면 된다 : 읽기만 해도 5타가 줄어드는 최신 골프 룰',166,26,'2014',''),(921,'학산작은도서관','200(종교)','(2014 Korea) 프란치스코 메시지 : 그대여, 일어나 나아가라!',30,218,'2015','238.204-곽57ㅍ'),(922,'장기동작은도서관','800(문학)','(2014 제5회) 젊은작가상 수상작품집',360,108,'2014',''),(923,'용산1동작은도서관','800(문학)','(2014 제5회) 젊은작가상 수상작품집',361,108,'2014',''),(924,'행정정보문고센터','300(사회)','(2014) KOTRA 세계 경제 전망',12,234,'2013','321.97-코887ㅋ'),(925,'행정정보문고센터','300(사회)','(2014) 대한민국 공공서비스를 말한다',333,104,'2014','350.1-한16ㄷ'),(926,'행정정보문고센터','300(사회)','(2014) 대한민국 공공서비스를 말한다',333,104,'2014','350.1-한16ㄷ=2'),(927,'행정정보문고센터','500(기술)','(2014) 식품의약품 통계연보 = Food & drug statistical yearbook. 제16호',206,143,'2014','517.11-식896ㅅ-16'),(928,'행정정보문고센터','500(기술)','(2014) 식품의약품통계연보 = Food ＆ Drug Statistical Yearbook. 제16호',204,142,'2014','517.059-식896ㅅ-2014'),(929,'행정정보문고센터','300(사회)','(2014) 연보',298,193,'2014','350.233-지42ㅇ-15'),(930,'행정정보문고센터','800(문학)','(2014) 젊은 소설',19,107,'2014','813.6-강883ㅈ-2'),(931,'행정정보문고센터','300(사회)','(2014)건강보험통계연보',39,39,'2015','328.33059-국38ㄱ'),(932,'행정정보문고센터','300(사회)','(2014)대한민국 공공서비스를 말한다',333,104,'2014','350.1-한16ㄷ'),(933,'행정정보문고센터','300(사회)','(2014)대한민국 공공서비스를 말한다',333,104,'2014','350.1-한16ㄷ=2'),(934,'행정정보문고센터','300(사회)','(2014)베스텐트 : 사회 비판과 대안 모색을 위한 잡지',211,130,'2015','301-호194ㅂ'),(935,'행정정보문고센터','300(사회)','(2014)보건복지백서',179,122,'2014','338.15-보14ㅂ'),(936,'행정정보문고센터','300(사회)','(2014)지역별 의료이용 통계연보. 제4권 , 전국,부산/대구/울산/경북/경남',39,38,'2015','319.95-국38ㅈ-4'),(937,'이곡2동작은도서관','000(총류)','(2014)청소년을 위한 유쾌한 시사상식 : 수능·논술·토론 수업을 위한 중·고생 필독서',202,217,'2012',''),(938,'행정정보문고센터','900(역사)','(2014)한국인물사전. 상권 , 기획인물: 정부주요 인사 수록인물(ㄱ~ㅅ)',224,154,'2014','991.1-연92ㅎ-1'),(939,'행정정보문고센터','900(역사)','(2014)한국인물사전. 하권 , 수록인물(ㅇ~ㅎ)',224,154,'2014','991.1-연92ㅎ-2'),(940,'행정정보문고센터','300(사회)','(2014)한국행정연구원 연차보고서  = The Korea Institute of Public Administration Annual Report 2014',339,230,'2014','350-한16ㅎ'),(941,'행정정보문고센터','300(사회)','(2014.6.30 기준) 주민등록인구통계',98,64,'2014','319.091184-대16ㅈ-2014-1'),(942,'행정정보문고센터','300(사회)','(2014.6.30 기준) 주민등록인구통계',98,64,'2014','319.0911-대16ㅈ-2014=2'),(943,'행정정보문고센터','800(문학)','(2015 한국작가회의 시조분과가 선정한)좋은 시조',66,202,'2015','811.36-김64ㅈ'),(944,'학산작은도서관','800(문학)','(2015) 오늘의 좋은 시',268,214,'2015','811.608-오197ㅍ-2015'),(945,'용산1동작은도서관','800(문학)','(2015) 젊은 소설',62,107,'2015',''),(946,'용산1동작은도서관','800(문학)','(2015) 젊은 시',61,107,'2015',''),(947,'행정정보문고센터','300(사회)','(2015)대구 사회조사 보고서 : 구·군  = Report on Daegu social survey by Gu·Gun',98,64,'2016','331.91184-대16ㄷ'),(948,'행정정보문고센터','300(사회)','(2015)보건복지통계연보. 제61호',179,122,'2015','338.059-보14ㅂ-61'),(949,'이곡2동작은도서관','800(문학)','(2015)젊은작가상 수상작품집. 제6회',286,108,'2015',''),(950,'행정정보문고센터','300(사회)','(2015년 기준)사업체조사 보고서  = Report on the Census on Establishments : 2017.7',120,68,'2017','324.059-대16ㅅ-2017'),(951,'행정정보문고센터','300(사회)','(2015년 기준)사업체조사 보고서  = Report on the Census on Establishments : 2017.7',120,68,'2017','324.059-대16ㅅ-2017=2'),(952,'행정정보문고센터','500(기술)','(2015년도)식품의약품통계연보  = Food & drug statistical yearbook. 제17호',206,12,'2011','574.059-식896ㅅ-17'),(953,'행정정보문고센터','300(사회)','(2015년도)정책과제 개인연구 우수보고서',348,194,'2015','359-행74ㅈ'),(954,'행정정보문고센터','800(문학)','(2016 제7회) 젊은작가상 수상작품집',57,108,'2016','813.608-젊67-7'),(955,'행정정보문고센터','300(사회)','(2016)보건복지통계연보. 제62호',179,122,'2016','338.059-보14ㅂ-62'),(956,'행정정보문고센터','800(문학)','(2016년 제40) 이상문학상 작품집 천국의 문 : 김경욱 천국의 문',56,109,'2016','813.6082-이52ㅁ-40'),(957,'행정정보문고센터','800(문학)','(2017 제8회) 젊은작가상 수상작품집',272,108,'2017','813.608-젊67-8'),(958,'용산1동작은도서관','000(총류)','(2017 청소년을 위한 유쾌한) 시사상식',202,217,'2017',''),(959,'행정정보문고센터','800(문학)','(2017) 한국방송작가상 수상작품집. 제30회',328,140,'2018','812.68-한16ㅎ-30'),(960,'이곡2동작은도서관','500(기술)','(2017)코리아 베스트 레시피 : 700만 이밥차 독자가 선정한 인기 요리 200',245,170,'2016',''),(961,'행정정보문고센터','800(문학)','(2018 제9회) 젊은작가상 수상작품집',163,108,'2018','813.608-젊67-9'),(962,'행정정보문고센터','000(총류)','(2018) 도서관보 . 제39호',124,82,'2018','026.3-대16ㄷ-39'),(963,'행정정보문고센터','300(사회)','(2018) 미국주식 투자지도',215,161,'2018','327.856-안54ㅁ'),(964,'행정정보문고센터','500(기술)','(2018) 코리아 베스트 레시피 : 700만 이밥차 독자가 선정한 인기요리 200',246,170,'2018','594.5-이42ㅋ'),(965,'행정정보문고센터','900(역사)','(2018) 한국인물사전 : 주요 인사를 총 망라한 국내 최고 인물사전. 상, 기획인물: 정부조직 및 주요인물 수록인물 (ㄱ~ㅅ)',224,154,'2017','991.103-연92ㅎ-1'),(966,'행정정보문고센터','900(역사)','(2018) 한국인물사전 : 주요 인사를 총 망라한 국내 최고 인물사전. 하, 수록인물 (ㅇ~ㅎ)',224,154,'2017','991.103-연92ㅎ-2'),(967,'행정정보문고센터','000(총류)','(2019 시나공 summary) 컴퓨터활용능력 1급 필기. 1, 핵심요약',54,49,'2018','004.077-길44ㅋ-1필-1'),(968,'행정정보문고센터','000(총류)','(2019 시나공 summary) 컴퓨터활용능력 1급 필기. 2, 기출문제',54,49,'2018','004.077-길44ㅋ-1필-2'),(969,'행정정보문고센터','000(총류)','(2019 시나공) 컴퓨터활용능력 1급 실기. 1, 스프레드시트 실무',54,49,'2018','004.077-길44ㅋ-1실-1'),(970,'행정정보문고센터','000(총류)','(2019 시나공) 컴퓨터활용능력 1급 실기. 2, 데이터베이스 실무',54,49,'2018','004.077-길44ㅋ-1실-2'),(971,'행정정보문고센터','000(총류)','(2019 시나공) 컴퓨터활용능력 1급 실기. 3, 컴활 함수 사전+계산문제 20회+최신기출문제 10회',54,49,'2018','004.077-길44ㅋ-1실-3'),(972,'행정정보문고센터','800(문학)','(2019 제10회) 젊은작가상 수상작품집',164,108,'2019','813.608-젊67-10'),(973,'행정정보문고센터','300(사회)','(2019) 기업지원 통합가이드',98,64,'2019','324.3-대16ㄱ-2019'),(974,'이곡2동작은도서관','800(문학)','(2019) 김유정문학상 제13회 수상 작품집',323,169,'2019',''),(975,'행정정보문고센터','000(총류)','(2019) 도서관보 . 제40호',124,82,'2019','026.3-대16ㄷ-40'),(976,'용산1동작은도서관','500(기술)','(2019) 코리아 베스트 레시피',247,170,'2019',''),(977,'이곡2동작은도서관','800(문학)','(2020 제11회)젊은작가상 수상작품집',20,108,'2020',''),(978,'장기동작은도서관','300(사회)','(2020 한국이 열광할) 세계 트렌드',299,150,'2019',''),(979,'행정정보문고센터','300(사회)','(2020) KLI 비정규직 노동통계',242,222,'2020','321.546-이18ㅋ'),(980,'행정정보문고센터','300(사회)','(2020) 부동산 시그널  : 영리하고 민첩하게 규제의 틈새를 노려라',188,63,'2019','327.87-서66ㅂ'),(981,'용산1동작은도서관','800(문학)','(2020) 오늘의 좋은 동시',71,214,'2020',''),(982,'행정정보문고센터','900(역사)','(2020) 자동차 주말여행 코스북=Coursebook for the best weekend trip by car : 안심하고 떠나는 전국 드라이브 여행 40',235,49,'2020','981.102-유64ㅈ'),(983,'행정정보문고센터','300(사회)','(2020) 차이나 리포트 = CHINA REPORT : 중국을 통해 미래를 보다',191,7,'2016','309.112-성15ㅊ'),(984,'행정정보문고센터','300(사회)','(2020) 청년층 고용노동통계',69,222,'2021','321.52-김66ㅊ'),(985,'행정정보문고센터','300(사회)','(2020) 트렌드 노트  : 혼자만의 시공간',225,126,'2019','331.54-염92ㅌ'),(986,'행정정보문고센터','300(사회)','(2020) 한국의 사회동향=Korean social trends 2020',316,210,'2019','331.911-통14ㅎ-2020'),(987,'이곡2동작은도서관','300(사회)','(2020)퓨처캐스트 : 우리의 삶과 일을 변화시킬 미래 사회 핵심 코드',139,99,'2010',''),(988,'행정정보문고센터','300(사회)','(2020~2024년) 국가재정운용계획',47,11,'2021','329-기95ㄱ'),(989,'행정정보문고센터','300(사회)','(2020년) 국내인구이동통계연보 : 주민등록에 의한 집계',316,210,'2021','319.8-통14ㄱ-2020'),(990,'행정정보문고센터','300(사회)','(2020년) 사회조사보고서=Report on the social survey : 가족·교육과 훈련·건강·범죄와 안전·생활환경',316,210,'2020','331.911-통14ㅅ-2020'),(991,'행정정보문고센터','300(사회)','(2020년) 여성가족패널조사=Korea longitudinal survey of women & families : the 2020 annual report',295,226,'2020','337-주73ㅇ-2020'),(992,'행정정보문고센터','300(사회)','(2021) KLI 해외노동통계',8,222,'2021','321.5059-한16ㅋ'),(993,'행정정보문고센터','300(사회)','(2021) 공공계약법령 및 원가계산실무',9,223,'2021','329.142-한16ㄱ'),(994,'행정정보문고센터','300(사회)','(2021) 부가가치세법 강의',358,206,'2021','329.441-황16ㅂ'),(995,'행정정보문고센터','500(기술)','(2021) 위생용품 안전관리 지침',205,11,'2021','517.7-식896ㅇ-2021'),(996,'행정정보문고센터','500(기술)','(2021) 인접국가 방사능누출 사고 위기대응 실무매뉴얼',205,11,'2021','559.126-식896ㅇ-2021'),(997,'행정정보문고센터','000(총류)','(2021) 최신시사상식=The updated event of essential knowledge. 207집',5,121,'2021','031.077-박36ㅊ-207'),(998,'행정정보문고센터','300(사회)','(2021) 폭력 예방교육 운영안내 : 성희롱·성매매·성폭력·가정폭력 예방 및 방지를 위한',223,11,'2021','334.22-여54ㅍ-2021'),(999,'행정정보문고센터','500(기술)','(2021)원전안전분야(방사능 누출) 위기대응 실무매뉴얼',205,11,'2021','559.126-식896ㅇ-2021'),(1000,'테스트도서관','999(테스트)','테스트도서명',9999,9999,'2023','999.9테스트');
/*!40000 ALTER TABLE `library_mst` ENABLE KEYS */;
UNLOCK TABLES;

--
-- Table structure for table `publisher_mst`
--

DROP TABLE IF EXISTS `publisher_mst`;
/*!40101 SET @saved_cs_client     = @@character_set_client */;
/*!50503 SET character_set_client = utf8mb4 */;
CREATE TABLE `publisher_mst` (
  `publisher_id` int NOT NULL AUTO_INCREMENT,
  `publisher_name` varchar(45) DEFAULT NULL,
  `publisher_year` date DEFAULT NULL,
  PRIMARY KEY (`publisher_id`)
) ENGINE=InnoDB AUTO_INCREMENT=512 DEFAULT CHARSET=utf8mb4 COLLATE=utf8mb4_0900_ai_ci;
/*!40101 SET character_set_client = @saved_cs_client */;

--
-- Dumping data for table `publisher_mst`
--

LOCK TABLES `publisher_mst` WRITE;
/*!40000 ALTER TABLE `publisher_mst` DISABLE KEYS */;
INSERT INTO `publisher_mst` VALUES (1,'',NULL),(2,' 사람\"',NULL),(3,' 천천히\"\"\"',NULL),(4,'[대구광역시] 수성구',NULL),(5,'2002년월드컵축구대회조직위원회',NULL),(6,'2003대구하계유니버시아드대회조직위원회',NULL),(7,'21세기북스',NULL),(8,'ace',NULL),(9,'Angle books(앵글북스)',NULL),(10,'Digital Books(디지털북스)',NULL),(11,'Jinhan M&B(진한엠앤비)',NULL),(12,'KFDA식품의약품안전처',NULL),(13,'Korea.com',NULL),(14,'RHK(알에이치코리아)',NULL),(15,'Ritec Contents(리텍 콘텐츠)',NULL),(16,'가람문학사',NULL),(17,'가람어린이',NULL),(18,'감사원',NULL),(19,'감사원 감사연구원',NULL),(20,'거름',NULL),(21,'건설교통부',NULL),(22,'검은숲',NULL),(23,'경제기획원 조사통계국',NULL),(24,'계림',NULL),(25,'계림닷컴',NULL),(26,'골프아카데미',NULL),(27,'과학기술부',NULL),(28,'과학기술처',NULL),(29,'교보문고',NULL),(30,'교원',NULL),(31,'국가균형발전위원회',NULL),(32,'국가청렴위원회',NULL),(33,'국립대구박물관',NULL),(34,'국무조정실',NULL),(35,'국무조정실 규제개혁기획단',NULL),(36,'국무총리수질개선기획단','2023-01-25'),(37,'국무총리행정심판위원회','2023-01-25'),(38,'국민건강보험',NULL),(39,'국민건강보험공단.건강보험심사평가원',NULL),(40,'국민권익위원회',NULL),(41,'국세청',NULL),(42,'국토해양부',NULL),(43,'규제개혁위원회',NULL),(44,'그리고책',NULL),(45,'그린북',NULL),(46,'글담',NULL),(47,'글담출판사',NULL),(48,'글송이',NULL),(49,'길벗',NULL),(50,'김천시',NULL),(51,'깊은책속옹달샘',NULL),(52,'꿈결',NULL),(53,'꿈꾸는사람들',NULL),(54,'나무의꿈',NULL),(55,'내무부',NULL),(56,'내무부 법무담당관실',NULL),(57,'내일여행',NULL),(58,'넥서스Books',NULL),(59,'농림부',NULL),(60,'농림수산부',NULL),(61,'다락원',NULL),(62,'다른',NULL),(63,'다산북스',NULL),(64,'대구광역시',NULL),(65,'대구광역시 건축주택과',NULL),(66,'대구광역시 남구',NULL),(67,'대구광역시 남구청',NULL),(68,'대구광역시 달성구',NULL),(69,'대구광역시 달성군',NULL),(70,'대구광역시 동구',NULL),(71,'대구광역시 북구',NULL),(72,'대구광역시 서구',NULL),(73,'대구광역시 세정담당관',NULL),(74,'대구광역시 수성구',NULL),(75,'대구광역시 재해대책본부',NULL),(76,'대구광역시 중구',NULL),(77,'대구광역시남구',NULL),(78,'대구광역시달서구',NULL),(79,'대구광역시달성군',NULL),(80,'대구광역시동구',NULL),(81,'대구광역시립도서관',NULL),(82,'대구광역시립중앙도서관',NULL),(83,'대구광역시보건환경연구원',NULL),(84,'대구광역시북구',NULL),(85,'대구광역시서구',NULL),(86,'대구직할시',NULL),(87,'대원키즈',NULL),(88,'대한민국농림수산부',NULL),(89,'더난출판',NULL),(90,'도우미출판사',NULL),(91,'돌게개',NULL),(92,'동북아정보문화센터',NULL),(93,'동북지방통계청',NULL),(94,'동양문고·상상공방',NULL),(95,'들녘',NULL),(96,'들녘미디어',NULL),(97,'디딤돌',NULL),(98,'라사라패션월드',NULL),(99,'랜덤하우스',NULL),(100,'로그인',NULL),(101,'로그인(이퍼블릭)',NULL),(102,'리더스하우스',NULL),(103,'링거스',NULL),(104,'매일경제신문사',NULL),(105,'명지출판사',NULL),(106,'문예춘추사',NULL),(107,'문학나무',NULL),(108,'문학동네',NULL),(109,'문학사상',NULL),(110,'문학사상사',NULL),(111,'문학세계사',NULL),(112,'문화재청',NULL),(113,'문화체육부',NULL),(114,'물주는아이(백도씨)',NULL),(115,'미디어윌',NULL),(116,'미래M＆B',NULL),(117,'미래엔',NULL),(118,'미래엔 :아이세움',NULL),(119,'민음사',NULL),(120,'밀리언하우스',NULL),(121,'박문각',NULL),(122,'보건복지부',NULL),(123,'봄봄',NULL),(124,'부산광역시 해운대구',NULL),(125,'북로드',NULL),(126,'북스톤',NULL),(127,'북클라우드',NULL),(128,'사과나무',NULL),(129,'사람의무늬',NULL),(130,'사월의책',NULL),(131,'산수야',NULL),(132,'삼성출판사',NULL),(133,'상상아카데미',NULL),(134,'상상출판',NULL),(135,'상수리',NULL),(136,'서사원',NULL),(137,'서울문화사',NULL),(138,'서울특별시영등포구',NULL),(139,'세경사',NULL),(140,'시나리오친구들',NULL),(141,'시사문화사',NULL),(142,'식품의약품안전처',NULL),(143,'식품의약품안전청',NULL),(144,'식품의약품안정청',NULL),(145,'씨앗을뿌리는사람',NULL),(146,'아울북',NULL),(147,'아이세움',NULL),(148,'아이세움(미래엔)',NULL),(149,'아이앤북',NULL),(150,'알키',NULL),(151,'알키(시공사)',NULL),(152,'언어세상',NULL),(153,'역사넷',NULL),(154,'연합뉴스',NULL),(155,'열번째행성',NULL),(156,'영교출판',NULL),(157,'영진닷컴',NULL),(158,'영천시',NULL),(159,'예담friend',NULL),(160,'예림당',NULL),(161,'예문',NULL),(162,'움직이는서재',NULL),(163,'웅진리빙하우스',NULL),(164,'웅진윙스',NULL),(165,'웅진지식하우스',NULL),(166,'웨일북',NULL),(167,'웰북',NULL),(168,'위즈덤하우스',NULL),(169,'은행나무',NULL),(170,'이밥차',NULL),(171,'이야기',NULL),(172,'이지북',NULL),(173,'인더북스',NULL),(174,'인천광역시 계양구',NULL),(175,'인천광역시 남동구',NULL),(176,'일빛',NULL),(177,'자음과모음',NULL),(178,'재정경제부 교육홍보팀',NULL),(179,'전국시장.군수.구청장협의회',NULL),(180,'전국시장·군수·구청장협의회',NULL),(181,'정보문화사',NULL),(182,'정부간행물제작소',NULL),(183,'정부혁신지방분권위원회',NULL),(184,'조달청',NULL),(185,'조선북스',NULL),(186,'주니어김영사',NULL),(187,'주니어랜덤',NULL),(188,'중앙books',NULL),(189,'중앙공무원교육원',NULL),(190,'중앙북스',NULL),(191,'중앙일보',NULL),(192,'지경사',NULL),(193,'지방행정연수원',NULL),(194,'지방행정연수원 교육1과',NULL),(195,'지엔씨미디어',NULL),(196,'지혜로',NULL),(197,'진주시',NULL),(198,'질병관리본부',NULL),(199,'창녕군',NULL),(200,'창비',NULL),(201,'책 만드는 집',NULL),(202,'책만드는집',NULL),(203,'천우',NULL),(204,'철수와영희',NULL),(205,'청년사',NULL),(206,'청람',NULL),(207,'총무처',NULL),(208,'토마토하우스',NULL),(209,'토피',NULL),(210,'통계청',NULL),(211,'통일부',NULL),(212,'통일원',NULL),(213,'포북',NULL),(214,'푸른사상',NULL),(215,'푸른책들',NULL),(216,'풀빛',NULL),(217,'하늘아래',NULL),(218,'하양인',NULL),(219,'하이퍼북',NULL),(220,'학은미디어',NULL),(221,'한국경제신문',NULL),(222,'한국노동연구원',NULL),(223,'한국물가정보',NULL),(224,'한국소비자연맹대구직할시지부',NULL),(225,'한국실명예방재단',NULL),(226,'한국여성정책연구원',NULL),(227,'한국전산원',NULL),(228,'한국편집기자협의회',NULL),(229,'한국편집기자협회',NULL),(230,'한국행정연구원',NULL),(231,'한빛미디어',NULL),(232,'한스미디어',NULL),(233,'행복한아침',NULL),(234,'행성비',NULL),(235,'행정안전부',NULL),(236,'행정자치부',NULL),(237,'행정중심복합도시건설추진위원회 행정중심복합도시건설추진단',NULL),(238,'홍',NULL),(239,'화남Br',NULL),(240,'환경부',NULL),(241,'황금가지',NULL),(242,'황금부엉이',NULL),(243,'효리원',NULL),(244,'휘슬러',NULL),(245,'흐름출판',NULL),(246,'三英社',NULL),(247,'內務部',NULL),(248,'內務部地方行政硏修院',NULL),(249,'大邱廣域市',NULL),(250,'大邱廣域市 中區',NULL),(251,'大邱廣域市 北區',NULL),(252,'大邱廣域市 南區',NULL),(253,'大邱廣域市 東區',NULL),(254,'大邱廣域市 西區',NULL),(255,'大邱廣域市 達城郡',NULL),(256,'大邱廣域市 達西區',NULL),(257,'大邱廣域市災害對策本部',NULL),(258,'大邱直轄市',NULL),(259,'大邱直轄市 北區',NULL),(260,'大邱直轄市 南區',NULL),(261,'大邱直轄市 壽城區',NULL),(262,'大邱直轄市 西區',NULL),(263,'大邱直轄市 達西區',NULL),(264,'大邱直轄市上水道事業本部',NULL),(265,'統計廳',NULL),(266,'韓國地方行政硏究院',NULL);
/*!40000 ALTER TABLE `publisher_mst` ENABLE KEYS */;
UNLOCK TABLES;

--
-- Dumping events for database 'db_study3'
--

--
-- Dumping routines for database 'db_study3'
--

--
-- Current Database: `db_study2_explain`
--

CREATE DATABASE /*!32312 IF NOT EXISTS*/ `db_study2_explain` /*!40100 DEFAULT CHARACTER SET utf8mb4 COLLATE utf8mb4_0900_ai_ci */ /*!80016 DEFAULT ENCRYPTION='N' */;

USE `db_study2_explain`;

--
-- Table structure for table `course_mst`
--

DROP TABLE IF EXISTS `course_mst`;
/*!40101 SET @saved_cs_client     = @@character_set_client */;
/*!50503 SET character_set_client = utf8mb4 */;
CREATE TABLE `course_mst` (
  `course_id` int NOT NULL,
  `student_id` int NOT NULL,
  `lecture_id` int NOT NULL,
  `instructor_id` int NOT NULL,
  PRIMARY KEY (`course_id`)
) ENGINE=InnoDB DEFAULT CHARSET=utf8mb4 COLLATE=utf8mb4_0900_ai_ci;
/*!40101 SET character_set_client = @saved_cs_client */;

--
-- Dumping data for table `course_mst`
--

LOCK TABLES `course_mst` WRITE;
/*!40000 ALTER TABLE `course_mst` DISABLE KEYS */;
INSERT INTO `course_mst` VALUES (1,1,1,1),(2,2,1,1),(3,3,2,2),(4,1,3,3);
/*!40000 ALTER TABLE `course_mst` ENABLE KEYS */;
UNLOCK TABLES;

--
-- Table structure for table `instructor_mst`
--

DROP TABLE IF EXISTS `instructor_mst`;
/*!40101 SET @saved_cs_client     = @@character_set_client */;
/*!50503 SET character_set_client = utf8mb4 */;
CREATE TABLE `instructor_mst` (
  `instructor_id` int NOT NULL,
  `instructor_name` varchar(45) NOT NULL,
  `university_id` int DEFAULT NULL,
  PRIMARY KEY (`instructor_id`)
) ENGINE=InnoDB DEFAULT CHARSET=utf8mb4 COLLATE=utf8mb4_0900_ai_ci;
/*!40101 SET character_set_client = @saved_cs_client */;

--
-- Dumping data for table `instructor_mst`
--

LOCK TABLES `instructor_mst` WRITE;
/*!40000 ALTER TABLE `instructor_mst` DISABLE KEYS */;
INSERT INTO `instructor_mst` VALUES (1,'무리뉴',1),(2,'펩',2),(3,'클롭',3);
/*!40000 ALTER TABLE `instructor_mst` ENABLE KEYS */;
UNLOCK TABLES;

--
-- Table structure for table `lecture_mst`
--

DROP TABLE IF EXISTS `lecture_mst`;
/*!40101 SET @saved_cs_client     = @@character_set_client */;
/*!50503 SET character_set_client = utf8mb4 */;
CREATE TABLE `lecture_mst` (
  `lecture_id` int NOT NULL,
  `lecture_name` varchar(45) NOT NULL,
  `lecture_price` int NOT NULL,
  PRIMARY KEY (`lecture_id`)
) ENGINE=InnoDB DEFAULT CHARSET=utf8mb4 COLLATE=utf8mb4_0900_ai_ci;
/*!40101 SET character_set_client = @saved_cs_client */;

--
-- Dumping data for table `lecture_mst`
--

LOCK TABLES `lecture_mst` WRITE;
/*!40000 ALTER TABLE `lecture_mst` DISABLE KEYS */;
INSERT INTO `lecture_mst` VALUES (1,'트래핑',1000000),(2,'패스',800000),(3,'개인기',900000);
/*!40000 ALTER TABLE `lecture_mst` ENABLE KEYS */;
UNLOCK TABLES;

--
-- Table structure for table `mentor_mst`
--

DROP TABLE IF EXISTS `mentor_mst`;
/*!40101 SET @saved_cs_client     = @@character_set_client */;
/*!50503 SET character_set_client = utf8mb4 */;
CREATE TABLE `mentor_mst` (
  `mentor_id` int NOT NULL,
  `mentor_name` varchar(45) NOT NULL,
  PRIMARY KEY (`mentor_id`)
) ENGINE=InnoDB DEFAULT CHARSET=utf8mb4 COLLATE=utf8mb4_0900_ai_ci;
/*!40101 SET character_set_client = @saved_cs_client */;

--
-- Dumping data for table `mentor_mst`
--

LOCK TABLES `mentor_mst` WRITE;
/*!40000 ALTER TABLE `mentor_mst` DISABLE KEYS */;
INSERT INTO `mentor_mst` VALUES (1,'메시'),(2,'음바페');
/*!40000 ALTER TABLE `mentor_mst` ENABLE KEYS */;
UNLOCK TABLES;

--
-- Table structure for table `student_mst`
--

DROP TABLE IF EXISTS `student_mst`;
/*!40101 SET @saved_cs_client     = @@character_set_client */;
/*!50503 SET character_set_client = utf8mb4 */;
CREATE TABLE `student_mst` (
  `student_id` int NOT NULL,
  `student_name` varchar(45) NOT NULL,
  `mentor_id` int DEFAULT NULL,
  PRIMARY KEY (`student_id`,`student_name`)
) ENGINE=InnoDB DEFAULT CHARSET=utf8mb4 COLLATE=utf8mb4_0900_ai_ci;
/*!40101 SET character_set_client = @saved_cs_client */;

--
-- Dumping data for table `student_mst`
--

LOCK TABLES `student_mst` WRITE;
/*!40000 ALTER TABLE `student_mst` DISABLE KEYS */;
INSERT INTO `student_mst` VALUES (1,'손흥민',1),(2,'김민재',2),(3,'황희찬',1),(5,'백승호',1),(6,'이승우',1),(7,'이강인',1),(8,'조규성',1);
/*!40000 ALTER TABLE `student_mst` ENABLE KEYS */;
UNLOCK TABLES;

--
-- Table structure for table `university_mst`
--

DROP TABLE IF EXISTS `university_mst`;
/*!40101 SET @saved_cs_client     = @@character_set_client */;
/*!50503 SET character_set_client = utf8mb4 */;
CREATE TABLE `university_mst` (
  `university_id` int NOT NULL,
  `university_name` varchar(45) NOT NULL,
  PRIMARY KEY (`university_id`)
) ENGINE=InnoDB DEFAULT CHARSET=utf8mb4 COLLATE=utf8mb4_0900_ai_ci;
/*!40101 SET character_set_client = @saved_cs_client */;

--
-- Dumping data for table `university_mst`
--

LOCK TABLES `university_mst` WRITE;
/*!40000 ALTER TABLE `university_mst` DISABLE KEYS */;
INSERT INTO `university_mst` VALUES (1,'로마'),(2,'맨시티'),(3,'리버풀'),(5,'토트넘'),(6,'바르셀로나'),(7,'레알'),(8,'유벤투스');
/*!40000 ALTER TABLE `university_mst` ENABLE KEYS */;
UNLOCK TABLES;

--
-- Dumping events for database 'db_study2_explain'
--

--
-- Dumping routines for database 'db_study2_explain'
--
/*!40103 SET TIME_ZONE=@OLD_TIME_ZONE */;

/*!40101 SET SQL_MODE=@OLD_SQL_MODE */;
/*!40014 SET FOREIGN_KEY_CHECKS=@OLD_FOREIGN_KEY_CHECKS */;
/*!40014 SET UNIQUE_CHECKS=@OLD_UNIQUE_CHECKS */;
/*!40101 SET CHARACTER_SET_CLIENT=@OLD_CHARACTER_SET_CLIENT */;
/*!40101 SET CHARACTER_SET_RESULTS=@OLD_CHARACTER_SET_RESULTS */;
/*!40101 SET COLLATION_CONNECTION=@OLD_COLLATION_CONNECTION */;
/*!40111 SET SQL_NOTES=@OLD_SQL_NOTES */;

-- Dump completed on 2023-01-26 16:19:28
